slug,server_id,name,price_inr,stock,score,is_best
facebook,11,Server 11,10,1860,59.440,1
facebook,4,Server 4,10,1708,58.832,
facebook,3,Server 3,10,1029,56.116,
facebook,7,Server 7,10,302,53.208,
facebook,5,Server 5,10,143,52.572,
facebook,2,Server 2,10,116,52.464,
facebook,8,Server 8,10.71,20,51.512,
facebook,12,Server 12,12.3,1932,57.888,
hpgas,5,Server 5,10,1857,59.428,1
hpgas,2,Server 2,10,1787,59.148,
hpgas,7,Server 7,10,1456,57.824,
hpgas,3,Server 3,10,813,55.252,
hpgas,11,Server 11,10,267,53.068,
hpgas,4,Server 4,12,477,52.308,
flipkart,2,Server 2,10,1715,58.860,1
flipkart,4,Server 4,10,1516,58.064,
flipkart,11,Server 11,10,1500,58.000,
flipkart,5,Server 5,10,1010,56.040,
flipkart,7,Server 7,10,896,55.584,
flipkart,3,Server 3,10,678,54.712,
flipkart,12,Server 12,12,364,51.856,
all,7,Server 7,15,1163,52.652,1
all,6,Server 6,15,260,49.040,
91club,2,Server 2,10,1750,59.000,1
91club,11,Server 11,10,1442,57.768,
91club,3,Server 3,10,1029,56.116,
91club,7,Server 7,10,662,54.648,
91club,5,Server 5,10,597,54.388,
91club,4,Server 4,12,1328,55.712,
swarail,11,Server 11,10,1954,59.816,1
swarail,2,Server 2,11,1040,55.360,
swarail,7,Server 7,12,1129,54.916,
swarail,3,Server 3,12,710,53.240,
swarail,4,Server 4,12,247,51.388,
swarail,5,Server 5,14,642,51.368,
kamaikendra,11,Server 11,10,1368,57.472,1
kamaikendra,7,Server 7,10,953,55.812,
kamaikendra,3,Server 3,10,879,55.516,
kamaikendra,2,Server 2,10,131,52.524,
kamaikendra,5,Server 5,12,1464,56.256,
kamaikendra,4,Server 4,12,479,52.316,
teenpattigame,5,Server 5,7.2,1084,58.576,
teenpattigame,7,Server 7,10,1759,59.036,1
teenpattigame,3,Server 3,10,1723,58.892,
teenpattigame,2,Server 2,10,1672,58.688,
teenpattigame,11,Server 11,10,674,54.696,
flipkartold,11,Server 11,10,864,55.456,
flipkartold,5,Server 5,12,1749,57.396,1
flipkartold,4,Server 4,12,1419,56.076,
flipkartold,3,Server 3,12,1109,54.836,
jiomart,3,Server 3,10,1564,58.256,1
jiomart,11,Server 11,10,1445,57.780,
jiomart,7,Server 7,10,694,54.776,
jiomart,2,Server 2,10,170,52.680,
jiomart,4,Server 4,10,164,52.656,
jiomart,12,Server 12,12.2,205,51.060,
jiomart,5,Server 5,13,1844,56.976,
jiomart,9,Server 9,15,960,51.840,
jiomart,8,Server 8,19.992,1506,50.030,
blinkit,8,Server 8,9.996,696,54.787,
blinkit,4,Server 4,10,1984,59.936,1
blinkit,7,Server 7,10,1345,57.380,
blinkit,11,Server 11,10,882,55.528,
blinkit,5,Server 5,10,335,53.340,
blinkit,3,Server 3,10,166,52.664,
blinkit,2,Server 2,10,111,52.444,
ajio,4,Server 4,10,1681,58.724,1
ajio,7,Server 7,10,1377,57.508,
ajio,3,Server 3,10,1113,56.452,
ajio,11,Server 11,10,723,54.892,
ajio,2,Server 2,10,377,53.508,
ajio,12,Server 12,12,1508,56.432,
ajio,5,Server 5,12,1489,56.356,
ajio,8,Server 8,12.852,20,49.798,
acko,11,Server 11,10,1754,59.016,1
acko,7,Server 7,10,1287,57.148,
acko,2,Server 2,10,1180,56.720,
acko,8,Server 8,19.992,20,44.086,
angleone,11,Server 11,10,1877,59.508,1
angleone,7,Server 7,10,1700,58.800,
angleone,3,Server 3,10,556,54.224,
angleone,2,Server 2,10,443,53.772,
angleone,5,Server 5,10,224,52.896,
angleone,4,Server 4,12,1062,54.648,
angleone,8,Server 8,14.28,1409,54.212,
bigbasket,3,Server 3,10,1856,59.424,1
bigbasket,11,Server 11,10,1640,58.560,
bigbasket,5,Server 5,10,1368,57.472,
bigbasket,2,Server 2,10,1118,56.472,
bigbasket,4,Server 4,10,938,55.752,
bigbasket,7,Server 7,10,190,52.760,
bigbasket,12,Server 12,12,717,53.268,
bigbasket,8,Server 8,12.852,20,49.798,
cleartip,7,Server 7,10,1709,58.836,1
cleartip,2,Server 2,10,1684,58.736,
cleartip,11,Server 11,10,1159,56.636,
cleartip,4,Server 4,10,982,55.928,
cleartip,3,Server 3,10,437,53.748,
cleartip,5,Server 5,12,1283,55.532,
countrydelight,7,Server 7,10,1324,57.296,1
countrydelight,2,Server 2,10,807,55.228,
countrydelight,3,Server 3,10,670,54.680,
countrydelight,11,Server 11,10,632,54.528,
countrydelight,5,Server 5,10,579,54.316,
countrydelight,4,Server 4,12,131,50.924,
confirmtkt,8,Server 8,7.14,20,54.368,
confirmtkt,5,Server 5,10,1776,59.104,1
confirmtkt,3,Server 3,10,1177,56.708,
confirmtkt,7,Server 7,10,964,55.856,
confirmtkt,11,Server 11,10,954,55.816,
confirmtkt,4,Server 4,10,193,52.772,
dealshare,4,Server 4,10,1723,58.892,1
dealshare,7,Server 7,10,1661,58.644,
dealshare,11,Server 11,10,1202,56.808,
dealshare,3,Server 3,10,862,55.448,
dealshare,5,Server 5,10,244,52.976,
dealshare,2,Server 2,10,103,52.412,
dealshare,8,Server 8,12.852,20,49.798,
discord,8,Server 8,7.14,20,54.368,
discord,12,Server 12,9.2,177,53.348,
discord,2,Server 2,10,1764,59.056,1
discord,7,Server 7,10,957,55.828,
discord,3,Server 3,10,590,54.360,
discord,4,Server 4,10,400,53.600,
discord,11,Server 11,10,171,52.684,
discord,5,Server 5,12,1630,56.920,
zomato,7,Server 7,10,1076,56.304,1
zomato,11,Server 11,10,1026,56.104,
zomato,3,Server 3,10,259,53.036,
zomato,4,Server 4,10,195,52.780,
zomato,2,Server 2,10,109,52.436,
zomato,5,Server 5,12,399,51.996,
zomato,8,Server 8,13.566,20,49.227,
dominos,4,Server 4,10,1480,57.920,1
dominos,3,Server 3,10,1007,56.028,
dominos,2,Server 2,10,949,55.796,
dominos,5,Server 5,10,744,54.976,
dominos,7,Server 7,10,570,54.280,
dominos,11,Server 11,10,524,54.096,
eatsure,2,Server 2,10,1604,58.416,1
eatsure,7,Server 7,10,807,55.228,
eatsure,5,Server 5,10,646,54.584,
eatsure,3,Server 3,10,454,53.816,
eatsure,11,Server 11,10,326,53.304,
eatsure,4,Server 4,12,581,52.724,
storytv,5,Server 5,10,1729,58.916,1
storytv,2,Server 2,10,1381,57.524,
storytv,7,Server 7,10,470,53.880,
storytv,4,Server 4,10,183,52.732,
storytv,11,Server 11,10,119,52.476,
storytv,3,Server 3,10,105,52.420,
storytv,8,Server 8,11.424,1383,56.393,
pharmeasy,5,Server 5,10,1244,56.976,1
pharmeasy,2,Server 2,10,590,54.360,
pharmeasy,11,Server 11,10,518,54.072,
pharmeasy,7,Server 7,10,352,53.408,
pharmeasy,3,Server 3,10,121,52.484,
pharmeasy,4,Server 4,12,247,51.388,
pharmeasy,8,Server 8,14.28,20,48.656,
firstcry,7,Server 7,10,1845,59.380,1
firstcry,11,Server 11,10,1662,58.648,
firstcry,5,Server 5,10,1469,57.876,
firstcry,2,Server 2,10,1419,57.676,
firstcry,3,Server 3,10,863,55.452,
firstcry,4,Server 4,12,1246,55.384,
firstcry,8,Server 8,13.566,20,49.227,
fino,2,Server 2,10,1121,56.484,1
fino,11,Server 11,10,1009,56.036,
fino,5,Server 5,10,921,55.684,
fino,3,Server 3,10,780,55.120,
fino,7,Server 7,10,156,52.624,
fino,4,Server 4,12,416,52.064,
fst,8,Server 8,7.14,366,55.752,
fst,3,Server 3,10,1396,57.584,
fst,2,Server 2,10,1351,57.404,
fst,5,Server 5,10,511,54.044,
fst,7,Server 7,10,466,53.864,
fst,11,Server 11,10,186,52.744,
fst,4,Server 4,12,1858,57.832,1
99acres,2,Server 2,10,1838,59.352,1
99acres,4,Server 4,10,1489,57.956,
99acres,7,Server 7,10,1046,56.184,
99acres,3,Server 3,10,721,54.884,
99acres,11,Server 11,10,365,53.460,
99acres,5,Server 5,12,1436,56.144,
99acres,8,Server 8,13.566,1061,53.391,
paytm,8,Server 8,8.568,1171,57.830,
paytm,2,Server 2,10,1924,59.696,1
paytm,7,Server 7,10,1618,58.472,
paytm,11,Server 11,10,305,53.220,
paytm,3,Server 3,10,193,52.772,
paytm,4,Server 4,10,170,52.680,
paytm,5,Server 5,12,826,53.704,
gromo,7,Server 7,10,1952,59.808,1
gromo,4,Server 4,10,1938,59.752,
gromo,3,Server 3,10,1933,59.732,
gromo,11,Server 11,10,1925,59.700,
gromo,2,Server 2,10,1797,59.188,
instagram,3,Server 3,10,1555,58.220,1
instagram,7,Server 7,10,1505,58.020,
instagram,2,Server 2,10,1026,56.104,
instagram,4,Server 4,10,725,54.900,
instagram,11,Server 11,10,439,53.756,
instagram,5,Server 5,10,240,52.960,
teenpattistar,4,Server 4,10,1583,58.332,1
teenpattistar,2,Server 2,10,1464,57.856,
teenpattistar,7,Server 7,10,730,54.920,
teenpattistar,11,Server 11,10,472,53.888,
teenpattistar,3,Server 3,10,450,53.800,
imo,8,Server 8,3.29,1481,63.292,1
imo,5,Server 5,10,1478,57.912,
imo,7,Server 7,10,1397,57.588,
imo,4,Server 4,10,496,53.984,
imo,3,Server 3,10,318,53.272,
imo,11,Server 11,10,136,52.544,
inl,3,Server 3,10,1572,58.288,1
inl,4,Server 4,10,1417,57.668,
inl,5,Server 5,10,270,53.080,
irctc,11,Server 11,10,1925,59.700,1
irctc,5,Server 5,10,1500,58.000,
irctc,3,Server 3,10,1100,56.400,
irctc,7,Server 7,10,1060,56.240,
irctc,2,Server 2,10,844,55.376,
irctc,8,Server 8,11.424,1830,58.181,
irctc,4,Server 4,12,213,51.252,
lotus365,2,Server 2,10,1613,58.452,1
lotus365,5,Server 5,10,976,55.904,
lotus365,11,Server 11,10,891,55.564,
lotus365,3,Server 3,10,436,53.744,
lotus365,7,Server 7,10,389,53.556,
lotus365,4,Server 4,12,357,51.828,
moneycontrol,3,Server 3,10,1839,59.356,1
moneycontrol,7,Server 7,10,922,55.688,
moneycontrol,5,Server 5,10,601,54.404,
moneycontrol,11,Server 11,10,567,54.268,
moneycontrol,2,Server 2,10,368,53.472,
moneycontrol,4,Server 4,12,405,52.020,
meesho,11,Server 11,10,1434,57.736,1
meesho,2,Server 2,10,1259,57.036,
meesho,3,Server 3,10,1158,56.632,
meesho,7,Server 7,10,631,54.524,
meesho,4,Server 4,10,428,53.712,
meesho,12,Server 12,11,1083,55.532,
meesho,5,Server 5,12,971,54.284,
meesho,8,Server 8,12.852,20,49.798,
magicpin,3,Server 3,10,1895,59.580,1
magicpin,2,Server 2,10,1600,58.400,
magicpin,4,Server 4,10,720,54.880,
magicpin,11,Server 11,10,429,53.716,
magicpin,5,Server 5,10,273,53.092,
magicpin,7,Server 7,10,107,52.428,
magicpin,8,Server 8,13.566,20,49.227,
nykaa,11,Server 11,10,1336,57.344,1
nykaa,5,Server 5,10,1138,56.552,
nykaa,4,Server 4,10,1105,56.420,
nykaa,7,Server 7,10,642,54.568,
nykaa,2,Server 2,10,296,53.184,
nykaa,3,Server 3,10,116,52.464,
nykaa,8,Server 8,21.42,1637,49.412,
tinder,3,Server 3,10,1716,58.864,1
tinder,7,Server 7,10,1659,58.636,
tinder,4,Server 4,10,1186,56.744,
tinder,11,Server 11,10,814,55.256,
tinder,2,Server 2,10,405,53.620,
tinder,5,Server 5,12,118,50.872,
1mg,3,Server 3,10,1644,58.576,1
1mg,2,Server 2,10,1093,56.372,
1mg,11,Server 11,10,1017,56.068,
1mg,4,Server 4,10,645,54.580,
1mg,7,Server 7,10,369,53.476,
1mg,5,Server 5,12,1262,55.448,
yono777,5,Server 5,10,1933,59.732,1
yono777,7,Server 7,10,1514,58.056,
yono777,2,Server 2,10,1086,56.344,
yono777,3,Server 3,10,933,55.732,
yono777,11,Server 11,10,494,53.976,
yono777,12,Server 12,11,308,52.432,
yono777,4,Server 4,12,1917,58.068,
panta,2,Server 2,10,1241,56.964,1
panta,7,Server 7,10,1030,56.120,
pincode,7,Server 7,10,1917,59.668,1
pincode,2,Server 2,10,1760,59.040,
pincode,3,Server 3,10,1531,58.124,
pincode,11,Server 11,10,1290,57.160,
pincode,5,Server 5,10,394,53.576,
pincode,4,Server 4,12,1578,56.712,
dishtv,2,Server 2,10,1914,59.656,1
dishtv,3,Server 3,10,1011,56.044,
dishtv,5,Server 5,10,973,55.892,
dishtv,11,Server 11,10,544,54.176,
dishtv,7,Server 7,10,372,53.488,
dishtv,4,Server 4,12,649,52.996,
rapido,3,Server 3,10,1606,58.424,1
rapido,2,Server 2,10,1481,57.924,
rapido,11,Server 11,10,1295,57.180,
rapido,7,Server 7,10,929,55.716,
rapido,4,Server 4,10,805,55.220,
rapido,5,Server 5,12,243,51.372,
rapido,8,Server 8,12.852,20,49.798,
orientfame,8,Server 8,8.568,20,53.226,
orientfame,7,Server 7,10,1577,58.308,1
orientfame,11,Server 11,10,1181,56.724,
orientfame,2,Server 2,10,995,55.980,
orientfame,3,Server 3,10,995,55.980,
orientfame,4,Server 4,10,874,55.496,
rummyeast,7,Server 7,10,1771,59.084,1
rummyeast,2,Server 2,10,1055,56.220,
rummyeast,11,Server 11,10,545,54.180,
rummyeast,3,Server 3,10,414,53.656,
rummyeast,5,Server 5,10,339,53.356,
rummyeast,4,Server 4,12,571,52.684,
rummygold,2,Server 2,10,1936,59.744,1
rummygold,3,Server 3,10,901,55.604,
rummygold,7,Server 7,10,875,55.500,
rummygold,4,Server 4,10,743,54.972,
rummygold,11,Server 11,10,694,54.776,
rummygold,5,Server 5,12,928,54.112,
rummygold,8,Server 8,18.564,20,45.229,
rummyperfect,11,Server 11,10,1817,59.268,1
rummyperfect,2,Server 2,10,1770,59.080,
rummyperfect,7,Server 7,10,896,55.584,
rummyperfect,5,Server 5,10,432,53.728,
rummyperfect,3,Server 3,10,216,52.864,
rummyperfect,4,Server 4,12,1915,58.060,
timesprime,2,Server 2,10,1915,59.660,1
timesprime,3,Server 3,10,1905,59.620,
timesprime,11,Server 11,10,1726,58.904,
timesprime,4,Server 4,10,1493,57.972,
timesprime,7,Server 7,10,255,53.020,
timesprime,5,Server 5,12,1873,57.892,
timesprime,8,Server 8,15.134,1008,51.925,
rummywealth,7,Server 7,10,1928,59.712,1
rummywealth,11,Server 11,10,1509,58.036,
rummywealth,4,Server 4,10,1075,56.300,
rummywealth,5,Server 5,10,763,55.052,
rummywealth,2,Server 2,10,741,54.964,
rummywealth,3,Server 3,10,136,52.544,
rummywealth,8,Server 8,12.852,20,49.798,
rooter,3,Server 3,10,1043,56.172,1
rooter,11,Server 11,10,698,54.792,
rooter,2,Server 2,10,680,54.720,
rooter,4,Server 4,10,647,54.588,
rooter,5,Server 5,10,574,54.296,
rooter,7,Server 7,10,400,53.600,
rummyglee,2,Server 2,10,829,55.316,1
rummyglee,11,Server 11,10,566,54.264,
rummyglee,4,Server 4,10,519,54.076,
rummyglee,3,Server 3,10,292,53.168,
rummyglee,7,Server 7,10,130,52.520,
rummyglee,5,Server 5,12,402,52.008,
rummyglee,8,Server 8,15.708,20,47.514,
shopsy,7,Server 7,10,1901,59.604,1
shopsy,2,Server 2,10,1325,57.300,
shopsy,4,Server 4,10,1062,56.248,
shopsy,5,Server 5,10,286,53.144,
shopsy,3,Server 3,10,255,53.020,
shopsy,11,Server 11,10,248,52.992,
shopsy,8,Server 8,21.42,20,42.944,
singham,4,Server 4,10,1934,59.736,1
singham,2,Server 2,10,1726,58.904,
singham,7,Server 7,10,1586,58.344,
singham,11,Server 11,10,1457,57.828,
singham,3,Server 3,10,1377,57.508,
singham,5,Server 5,12,1047,54.588,
snapmint,3,Server 3,10,1138,56.552,
snapmint,7,Server 7,10,1082,56.328,
snapmint,11,Server 11,10,926,55.704,
snapmint,2,Server 2,10,832,55.328,
snapmint,5,Server 5,10,356,53.424,
snapmint,8,Server 8,11.144,1715,57.945,1
snapmint,4,Server 4,12,1346,55.784,
stan,11,Server 11,10,1987,59.948,1
stan,5,Server 5,10,1382,57.528,
stan,2,Server 2,10,1266,57.064,
stan,3,Server 3,10,808,55.232,
stan,7,Server 7,10,369,53.476,
stan,4,Server 4,10,275,53.100,
stan,8,Server 8,13.566,1568,55.419,
tib,11,Server 11,10,1978,59.912,1
tib,3,Server 3,10,1779,59.116,
tib,7,Server 7,10,1451,57.804,
tib,5,Server 5,10,1057,56.228,
tib,2,Server 2,10,1007,56.028,
tib,4,Server 4,12,1514,56.456,
paypal,8,Server 8,8.568,20,53.226,
paypal,11,Server 11,10,1557,58.228,1
paypal,3,Server 3,10,1135,56.540,
paypal,4,Server 4,10,1068,56.272,
paypal,5,Server 5,10,573,54.292,
blablacar,11,Server 11,10,1644,58.576,1
blablacar,5,Server 5,10,1306,57.224,
blablacar,2,Server 2,10,1272,57.088,
blablacar,7,Server 7,10,930,55.720,
blablacar,3,Server 3,10,405,53.620,
blablacar,4,Server 4,12,236,51.344,
blablacar,8,Server 8,14.28,20,48.656,
uber,8,Server 8,9.002,20,52.878,
uber,4,Server 4,10,1577,58.308,1
uber,2,Server 2,10,1443,57.772,
uber,11,Server 11,10,1440,57.760,
uber,7,Server 7,10,1011,56.044,
uber,5,Server 5,10,861,55.444,
uber,3,Server 3,10,187,52.748,
unacademy,11,Server 11,10,1438,57.752,1
unacademy,5,Server 5,10,1358,57.432,
unacademy,3,Server 3,10,404,53.616,
unacademy,2,Server 2,10,196,52.784,
unacademy,7,Server 7,10,128,52.512,
unacademy,4,Server 4,12,1224,55.296,
unacademy,8,Server 8,18.564,20,45.229,
viber,8,Server 8,7.14,20,54.368,
viber,11,Server 11,10,1678,58.712,1
viber,2,Server 2,10,1611,58.444,
viber,3,Server 3,10,821,55.284,
viber,7,Server 7,10,703,54.812,
viber,5,Server 5,10,145,52.580,
viber,4,Server 4,12,945,54.180,
woohoo,3,Server 3,10,1657,58.628,1
woohoo,11,Server 11,10,1457,57.828,
woohoo,2,Server 2,10,1035,56.140,
woohoo,4,Server 4,10,730,54.920,
woohoo,7,Server 7,10,257,53.028,
woohoo,5,Server 5,12,1902,58.008,
woohoo,8,Server 8,12.39,20,50.168,
rummyola,11,Server 11,10,1796,59.184,1
rummyola,4,Server 4,10,1517,58.068,
rummyola,7,Server 7,10,954,55.816,
rummyola,2,Server 2,10,518,54.072,
rummyola,3,Server 3,10,343,53.372,
rummyola,5,Server 5,12,1581,56.724,
rummyola,8,Server 8,14.28,20,48.656,
airtel,11,Server 11,10,1691,58.764,1
airtel,7,Server 7,10,1242,56.968,
airtel,4,Server 4,10,772,55.088,
airtel,3,Server 3,10,599,54.396,
airtel,2,Server 2,10,516,54.064,
airtel,5,Server 5,12,1023,54.492,
airtel,8,Server 8,14.28,20,48.656,
51game,11,Server 11,10,1851,59.404,1
51game,3,Server 3,10,889,55.556,
51game,7,Server 7,10,767,55.068,
51game,5,Server 5,10,383,53.532,
51game,2,Server 2,10,344,53.376,
51game,4,Server 4,12,236,51.344,
digihaat,11,Server 11,10,1829,59.316,1
digihaat,5,Server 5,10,771,55.084,
digihaat,3,Server 3,10,756,55.024,
digihaat,2,Server 2,10,740,54.960,
digihaat,7,Server 7,10,131,52.524,
digihaat,4,Server 4,12,424,52.096,
digihaat,8,Server 8,13.426,1976,57.163,
bonusbuddy,2,Server 2,10,1724,58.896,1
bonusbuddy,7,Server 7,10,1627,58.508,
bonusbuddy,11,Server 11,10,770,55.080,
bonusbuddy,3,Server 3,10,686,54.744,
bonusbuddy,5,Server 5,10,427,53.708,
bonusbuddy,4,Server 4,12,1531,56.524,
kgen,11,Server 11,10,1503,58.012,1
kgen,2,Server 2,10,1460,57.840,
kgen,7,Server 7,10,964,55.856,
kgen,5,Server 5,10,441,53.764,
kgen,3,Server 3,10,258,53.032,
kgen,4,Server 4,12,1804,57.616,
tataneu,2,Server 2,10,1992,59.968,1
tataneu,4,Server 4,10,1594,58.376,
tataneu,11,Server 11,10,1033,56.132,
tataneu,3,Server 3,10,297,53.188,
tataneu,7,Server 7,10,221,52.884,
tataneu,5,Server 5,12,843,53.772,
tataneu,8,Server 8,81.396,20,20.080,
swiggy,4,Server 4,10,1799,59.196,1
swiggy,7,Server 7,10,1342,57.368,
swiggy,3,Server 3,10,986,55.944,
swiggy,2,Server 2,10,636,54.544,
swiggy,11,Server 11,10,473,53.892,
swiggy,5,Server 5,12,1637,56.948,
swiggy,8,Server 8,15.708,20,47.514,
amazon,4,Server 4,10,1170,56.680,
amazon,3,Server 3,10,1149,56.596,
amazon,2,Server 2,10,1028,56.112,
amazon,11,Server 11,10,363,53.452,
amazon,7,Server 7,10,149,52.596,
amazon,5,Server 5,12,746,53.384,
amazon,12,Server 12,12.3,1637,56.708,1
amazon,8,Server 8,12.852,511,51.762,
myntra,7,Server 7,10,1486,57.944,1
myntra,11,Server 11,10,1420,57.680,
myntra,3,Server 3,10,825,55.300,
myntra,2,Server 2,10,401,53.604,
myntra,4,Server 4,10,317,53.268,
myntra,5,Server 5,12,945,54.180,
myntra,9,Server 9,13,294,50.776,
zepto,11,Server 11,10,1963,59.852,1
zepto,3,Server 3,10,1859,59.436,
zepto,7,Server 7,10,1610,58.440,
zepto,4,Server 4,10,452,53.808,
zepto,2,Server 2,10,246,52.984,
zepto,5,Server 5,12,1312,55.648,
zepto,8,Server 8,12.852,20,49.798,
winmatch,8,Server 8,9.996,714,54.859,
winmatch,4,Server 4,10,1749,58.996,1
winmatch,3,Server 3,10,1365,57.460,
winmatch,11,Server 11,10,1232,56.928,
winmatch,7,Server 7,10,895,55.580,
winmatch,2,Server 2,10,387,53.548,
winmatch,5,Server 5,12,443,52.172,
playkaro,8,Server 8,8.568,949,56.942,
playkaro,3,Server 3,10,1919,59.676,1
playkaro,5,Server 5,10,1648,58.592,
playkaro,4,Server 4,10,1502,58.008,
playkaro,2,Server 2,10,1419,57.676,
playkaro,11,Server 11,10,1321,57.284,
playkaro,7,Server 7,10,449,53.796,
royaljeet,3,Server 3,10,2000,60.000,1
royaljeet,5,Server 5,10,1143,56.572,
royaljeet,7,Server 7,10,928,55.712,
royaljeet,2,Server 2,10,820,55.280,
royaljeet,11,Server 11,10,575,54.300,
royaljeet,4,Server 4,12,973,54.292,
royaljeet,8,Server 8,12.852,446,51.502,
jeetexch360,2,Server 2,10,1554,58.216,1
jeetexch360,5,Server 5,10,893,55.572,
jeetexch360,11,Server 11,10,891,55.564,
jeetexch360,7,Server 7,10,815,55.260,
jeetexch360,3,Server 3,10,653,54.612,
jeetexch360,4,Server 4,12,455,52.220,
microsoft,7,Server 7,10,1669,58.676,1
microsoft,2,Server 2,10,864,55.456,
microsoft,5,Server 5,10,550,54.200,
microsoft,11,Server 11,10,538,54.152,
microsoft,3,Server 3,10,324,53.296,
microsoft,4,Server 4,10,172,52.688,
reddybook,7,Server 7,10,1238,56.952,
reddybook,2,Server 2,10,1223,56.892,
reddybook,4,Server 4,10,879,55.516,
reddybook,3,Server 3,10,651,54.604,
reddybook,11,Server 11,10,588,54.352,
reddybook,5,Server 5,12,1682,57.128,1
reddybook,8,Server 8,15.708,1708,54.266,
rummyyes,7,Server 7,10,1956,59.824,1
rummyyes,11,Server 11,10,1775,59.100,
rummyyes,2,Server 2,10,739,54.956,
rummyyes,5,Server 5,10,408,53.632,
rummyyes,3,Server 3,10,196,52.784,
rummyyes,4,Server 4,12,1619,56.876,
creditmantri,8,Server 8,9.912,1896,59.654,
creditmantri,7,Server 7,10,1934,59.736,1
creditmantri,5,Server 5,10,1892,59.568,
creditmantri,11,Server 11,10,962,55.848,
creditmantri,4,Server 4,10,348,53.392,
creditmantri,3,Server 3,10,114,52.456,
naukari,7,Server 7,10,1531,58.124,1
naukari,4,Server 4,10,1263,57.052,
naukari,11,Server 11,10,1243,56.972,
naukari,2,Server 2,10,258,53.032,
naukari,3,Server 3,10,127,52.508,
naukari,8,Server 8,11.424,20,50.941,
naukari,5,Server 5,12,1060,54.640,
spincrush,8,Server 8,8.568,884,56.682,
spincrush,3,Server 3,10,1914,59.656,1
spincrush,7,Server 7,10,1675,58.700,
spincrush,4,Server 4,10,963,55.852,
spincrush,11,Server 11,10,507,54.028,
spincrush,2,Server 2,10,145,52.580,
spincrush,5,Server 5,12,1496,56.384,
qik,2,Server 2,10,806,55.224,1
qik,11,Server 11,10,268,53.072,
winclash,3,Server 3,10,1756,59.024,1
winclash,5,Server 5,10,1557,58.228,
winclash,11,Server 11,10,1462,57.848,
winclash,7,Server 7,10,1367,57.468,
winclash,2,Server 2,10,954,55.816,
winclash,4,Server 4,12,1039,54.556,
winclash,8,Server 8,15.708,789,50.590,
bingo777,7,Server 7,10,1537,58.148,1
bingo777,3,Server 3,10,1514,58.056,
bingo777,2,Server 2,10,1450,57.800,
bingo777,5,Server 5,10,837,55.348,
bingo777,11,Server 11,10,273,53.092,
bingo777,4,Server 4,12,611,52.844,
nielsen,3,Server 3,10,1998,59.992,1
nielsen,4,Server 4,10,1593,58.372,
nielsen,2,Server 2,10,1556,58.224,
nielsen,7,Server 7,10,1145,56.580,
nielsen,11,Server 11,10,104,52.416,
nielsen,8,Server 8,14.28,280,49.696,
innopay,11,Server 11,10,1931,59.724,1
innopay,7,Server 7,10,1898,59.592,
innopay,5,Server 5,10,1707,58.828,
innopay,2,Server 2,10,1141,56.564,
innopay,3,Server 3,10,815,55.260,
innopay,4,Server 4,12,758,53.432,
innopay,8,Server 8,15.708,1392,53.002,
qco,2,Server 2,10,1837,59.348,1
qco,11,Server 11,10,995,55.980,
qco,5,Server 5,10,686,54.744,
qco,3,Server 3,10,484,53.936,
qco,7,Server 7,10,193,52.772,
qco,4,Server 4,12,962,54.248,
jeetwin,2,Server 2,10,1818,59.272,1
jeetwin,7,Server 7,10,1567,58.268,
jeetwin,11,Server 11,10,390,53.560,
jeetwin,5,Server 5,10,371,53.484,
jeetwin,4,Server 4,10,311,53.244,
jeetwin,3,Server 3,10,143,52.572,
rummygood,11,Server 11,10,1533,58.132,1
rummygood,7,Server 7,10,1531,58.124,
rummygood,4,Server 4,10,1377,57.508,
rummygood,2,Server 2,10,927,55.708,
rummygood,3,Server 3,10,395,53.580,
rummygood,5,Server 5,12,397,51.988,
indiapolls,8,Server 8,9.912,1171,56.754,
indiapolls,7,Server 7,10,1960,59.840,1
indiapolls,5,Server 5,10,1817,59.268,
indiapolls,2,Server 2,10,768,55.072,
indiapolls,4,Server 4,10,694,54.776,
indiapolls,11,Server 11,10,667,54.668,
indiapolls,3,Server 3,10,149,52.596,
yonoarcade,4,Server 4,10,1388,57.552,1
yonoarcade,2,Server 2,10,1340,57.360,
yonoarcade,11,Server 11,10,1006,56.024,
yonoarcade,7,Server 7,10,879,55.516,
yonoarcade,3,Server 3,10,241,52.964,
yonoarcade,5,Server 5,12,1315,55.660,
dotandkey,7,Server 7,10,1764,59.056,1
dotandkey,3,Server 3,10,916,55.664,
dotandkey,11,Server 11,10,655,54.620,
dotandkey,2,Server 2,10,269,53.076,
dotandkey,4,Server 4,10,139,52.556,
dotandkey,8,Server 8,19.866,1942,51.875,
dreammoneya,3,Server 3,10,1856,59.424,1
dreammoneya,5,Server 5,10,1798,59.192,
dreammoneya,7,Server 7,10,1229,56.916,
dreammoneya,11,Server 11,10,355,53.420,
dreammoneya,2,Server 2,10,351,53.404,
dreammoneya,4,Server 4,12,1206,55.224,
dreammoneya,8,Server 8,14.28,833,51.908,
freelancer,4,Server 4,10,1702,58.808,1
freelancer,2,Server 2,10,1608,58.432,
freelancer,11,Server 11,10,1590,58.360,
freelancer,7,Server 7,10,1526,58.104,
freelancer,3,Server 3,10,497,53.988,
freelancer,5,Server 5,12,1862,57.848,
freelancer,8,Server 8,12.852,1172,54.406,
dmart,2,Server 2,10,1832,59.328,1
dmart,4,Server 4,10,1792,59.168,
dmart,7,Server 7,10,587,54.348,
googlepay,3,Server 3,10,1482,57.928,1
googlepay,4,Server 4,10,1373,57.492,
googlepay,11,Server 11,10,1122,56.488,
googlepay,2,Server 2,10,402,53.608,
googlepay,7,Server 7,10,139,52.556,
googlepay,5,Server 5,12,204,51.216,
googlepay,8,Server 8,14.28,1321,53.860,
shein,4,Server 4,10,1867,59.468,1
shein,5,Server 5,10,1680,58.720,
shein,11,Server 11,10,1433,57.732,
shein,2,Server 2,10,549,54.196,
shein,7,Server 7,10,397,53.588,
shein,3,Server 3,10,145,52.580,
shein,8,Server 8,15.708,381,48.958,
rummymost,2,Server 2,10,1907,59.628,1
rummymost,3,Server 3,10,1501,58.004,
rummymost,4,Server 4,10,1405,57.620,
rummymost,11,Server 11,10,745,54.980,
rummymost,7,Server 7,10,641,54.564,
rummymost,8,Server 8,18.564,20,45.229,
cricmatch360,7,Server 7,10,1468,57.872,1
cricmatch360,5,Server 5,10,478,53.912,
cricmatch360,2,Server 2,10,429,53.716,
cricmatch360,3,Server 3,10,335,53.340,
cricmatch360,11,Server 11,10,313,53.252,
cricmatch360,4,Server 4,12,1637,56.948,
3f,7,Server 7,10,1760,59.040,1
3f,5,Server 5,10,1097,56.388,
3f,3,Server 3,10,376,53.504,
3f,11,Server 11,10,308,53.232,
aagames,11,Server 11,10,1917,59.668,1
aagames,2,Server 2,10,1342,57.368,
aagames,4,Server 4,10,1081,56.324,
aagames,7,Server 7,10,935,55.740,
aagames,3,Server 3,10,167,52.668,
aagames,5,Server 5,12,989,54.356,
starexch,11,Server 11,10,1462,57.848,1
starexch,5,Server 5,10,1168,56.672,
starexch,2,Server 2,10,1039,56.156,
starexch,7,Server 7,10,1024,56.096,
starexch,3,Server 3,10,895,55.580,
starexch,4,Server 4,12,877,53.908,
starexch,8,Server 8,25.704,1219,44.313,
shriramone,5,Server 5,10,1863,59.452,1
shriramone,7,Server 7,10,648,54.592,
shriramone,2,Server 2,10,591,54.364,
shriramone,11,Server 11,10,373,53.492,
shriramone,3,Server 3,10,278,53.112,
shriramone,4,Server 4,12,1707,57.228,
shriramone,8,Server 8,12.39,20,50.168,
youtube,11,Server 11,10,1619,58.476,1
youtube,3,Server 3,10,1424,57.696,
youtube,2,Server 2,10,1362,57.448,
youtube,7,Server 7,10,1000,56.000,
youtube,4,Server 4,10,486,53.944,
jiffy,2,Server 2,10,1085,56.340,1
jiffy,3,Server 3,10,1062,56.248,
jiffy,5,Server 5,10,502,54.008,
jiffy,7,Server 7,10,494,53.976,
jiffy,11,Server 11,10,239,52.956,
jiffy,4,Server 4,12,1335,55.740,
dhoom,3,Server 3,10,1427,57.708,
dhoom,11,Server 11,10,1217,56.868,
dhoom,5,Server 5,10,1216,56.864,
dhoom,2,Server 2,10,1088,56.352,
dhoom,7,Server 7,10,913,55.652,
dhoom,4,Server 4,12,1982,58.328,1
stablemoney,11,Server 11,10,1974,59.896,1
stablemoney,2,Server 2,10,1746,58.984,
stablemoney,7,Server 7,10,1712,58.848,
stablemoney,3,Server 3,10,1683,58.732,
stablemoney,5,Server 5,10,152,52.608,
stablemoney,4,Server 4,12,1938,58.152,
ranglive,11,Server 11,10,1957,59.828,1
ranglive,2,Server 2,10,1590,58.360,
ranglive,3,Server 3,10,792,55.168,
ranglive,7,Server 7,10,630,54.520,
ranglive,5,Server 5,10,467,53.868,
ranglive,4,Server 4,12,910,54.040,
ranglive,8,Server 8,12.376,1494,56.075,
rummypaisa,11,Server 11,10,1826,59.304,1
rummypaisa,3,Server 3,10,1695,58.780,
rummypaisa,2,Server 2,10,1677,58.708,
rummypaisa,7,Server 7,10,457,53.828,
rummypaisa,5,Server 5,10,392,53.568,
rummypaisa,4,Server 4,12,545,52.580,
jiohotstar,3,Server 3,10,1926,59.704,1
jiohotstar,4,Server 4,10,1266,57.064,
jiohotstar,11,Server 11,10,893,55.572,
jiohotstar,5,Server 5,10,814,55.256,
vercel,3,Server 3,10,1434,57.736,1
vercel,11,Server 11,10,1395,57.580,
vercel,5,Server 5,10,1180,56.720,
vercel,4,Server 4,10,668,54.672,
vercel,2,Server 2,10,506,54.024,
vercel,7,Server 7,10,382,53.528,
vercel,8,Server 8,15.106,711,50.759,
jalwa,2,Server 2,10,1738,58.952,1
jalwa,11,Server 11,10,1368,57.472,
jalwa,7,Server 7,10,731,54.924,
jalwa,4,Server 4,10,592,54.368,
jalwa,3,Server 3,10,452,53.808,
jalwa,5,Server 5,12,1436,56.144,
rajagame,4,Server 4,10,1978,59.912,1
rajagame,3,Server 3,10,1835,59.340,
rajagame,2,Server 2,10,1409,57.636,
rajagame,11,Server 11,10,967,55.868,
rajagame,7,Server 7,10,508,54.032,
rajagame,5,Server 5,12,867,53.868,
567slots,2,Server 2,10,1905,59.620,1
567slots,4,Server 4,10,1878,59.512,
567slots,7,Server 7,10,1425,57.700,
567slots,11,Server 11,10,1408,57.632,
567slots,3,Server 3,10,673,54.692,
567slots,5,Server 5,12,1347,55.788,
6club,5,Server 5,10,1912,59.648,1
6club,7,Server 7,10,1615,58.460,
6club,3,Server 3,10,1605,58.420,
6club,2,Server 2,10,1462,57.848,
6club,11,Server 11,10,945,55.780,
6club,4,Server 4,12,552,52.608,
6profit,5,Server 5,10,1982,59.928,1
6profit,7,Server 7,10,958,55.832,
6profit,11,Server 11,10,901,55.604,
6profit,3,Server 3,10,509,54.036,
6profit,2,Server 2,10,318,53.272,
6profit,4,Server 4,12,847,53.788,
a66game_22,11,Server 11,10,1981,59.924,1
a66game_22,3,Server 3,10,1217,56.868,
a66game_22,5,Server 5,10,668,54.672,
a66game_22,7,Server 7,10,559,54.236,
a66game_22,2,Server 2,10,165,52.660,
a66game_22,4,Server 4,12,909,54.036,
zubydo_22,5,Server 5,10,1915,59.660,1
zubydo_22,11,Server 11,10,1576,58.304,
zubydo_22,7,Server 7,10,874,55.496,
zubydo_22,2,Server 2,10,381,53.524,
zubydo_22,3,Server 3,10,358,53.432,
zubydo_22,4,Server 4,12,804,53.616,
zerox,3,Server 3,10,1427,57.708,1
zerox,2,Server 2,10,1333,57.332,
zerox,5,Server 5,10,1308,57.232,
zerox,11,Server 11,10,866,55.464,
zerox,7,Server 7,10,595,54.380,
zerox,4,Server 4,12,934,54.136,
zeptom,5,Server 5,10,1841,59.364,1
zeptom,2,Server 2,10,1546,58.184,
zeptom,3,Server 3,10,1525,58.100,
zeptom,11,Server 11,10,1174,56.696,
zeptom,7,Server 7,10,287,53.148,
zeptom,4,Server 4,12,890,53.960,
yourrick,5,Server 5,10,1656,58.624,1
yourrick,11,Server 11,10,1468,57.872,
yourrick,2,Server 2,10,471,53.884,
yourrick,3,Server 3,10,277,53.108,
yourrick,7,Server 7,10,164,52.656,
yourrick,4,Server 4,12,1179,55.116,
yonoslots,7,Server 7,10,1523,58.092,1
yonoslots,11,Server 11,10,1517,58.068,
yonoslots,3,Server 3,10,1135,56.540,
yonoslots,4,Server 4,10,536,54.144,
yonoslots,2,Server 2,10,401,53.604,
yonoslots,5,Server 5,12,1834,57.736,
yonovip,3,Server 3,10,1951,59.804,1
yonovip,2,Server 2,10,1394,57.576,
yonovip,7,Server 7,10,1011,56.044,
yonovip,11,Server 11,10,875,55.500,
yonovip,5,Server 5,10,641,54.564,
yonovip,12,Server 12,11,1820,58.480,
yonovip,4,Server 4,12,1961,58.244,
91rummy,3,Server 3,10,1788,59.152,1
91rummy,7,Server 7,10,1656,58.624,
91rummy,11,Server 11,10,1504,58.016,
91rummy,5,Server 5,10,552,54.208,
91rummy,2,Server 2,10,146,52.584,
91rummy,4,Server 4,12,820,53.680,
abet,5,Server 5,10,1934,59.736,1
abet,7,Server 7,10,1802,59.208,
abet,3,Server 3,10,1314,57.256,
abet,2,Server 2,10,1313,57.252,
abet,11,Server 11,10,831,55.324,
abet,4,Server 4,12,847,53.788,
abcd,2,Server 2,10,1675,58.700,1
abcd,11,Server 11,10,892,55.568,
abcd,3,Server 3,10,852,55.408,
abcd,4,Server 4,10,803,55.212,
abcd,7,Server 7,10,608,54.432,
abcd,5,Server 5,12,1662,57.048,
agrostar,7,Server 7,10,1801,59.204,1
agrostar,3,Server 3,10,1562,58.248,
agrostar,5,Server 5,10,880,55.520,
agrostar,2,Server 2,10,683,54.732,
agrostar,11,Server 11,10,184,52.736,
agrostar,4,Server 4,12,1089,54.756,
ak47,11,Server 11,10,1637,58.548,1
ak47,2,Server 2,10,1538,58.152,
ak47,3,Server 3,10,1112,56.448,
ak47,7,Server 7,10,692,54.768,
ak47,5,Server 5,10,357,53.428,
ak47,4,Server 4,12,672,53.088,
wingo,8,Server 8,8.568,1654,59.762,1
wingo,7,Server 7,10,1481,57.924,
wingo,4,Server 4,10,1434,57.736,
wingo,2,Server 2,10,758,55.032,
wingo,3,Server 3,10,390,53.560,
wingo,11,Server 11,10,226,52.904,
wingo,5,Server 5,12,1250,55.400,
winmate,2,Server 2,10,1965,59.860,1
winmate,5,Server 5,10,1636,58.544,
winmate,4,Server 4,10,1484,57.936,
winmate,7,Server 7,10,1447,57.788,
winmate,3,Server 3,10,1360,57.440,
winmate,11,Server 11,10,471,53.884,
winmate,8,Server 8,21.42,715,45.724,
win11_22,2,Server 2,10,1799,59.196,1
win11_22,3,Server 3,10,1480,57.920,
win11_22,7,Server 7,10,818,55.272,
win11_22,11,Server 11,10,453,53.812,
win11_22,5,Server 5,10,335,53.340,
win11_22,4,Server 4,12,272,51.488,
weplay,2,Server 2,10,1136,56.544,1
weplay,11,Server 11,10,849,55.396,
weplay,7,Server 7,10,762,55.048,
weplay,5,Server 5,10,665,54.660,
weplay,3,Server 3,10,618,54.472,
weplay,4,Server 4,12,748,53.392,
winza_22,2,Server 2,10,1451,57.804,1
winza_22,5,Server 5,10,1231,56.924,
winza_22,11,Server 11,10,780,55.120,
winza_22,7,Server 7,10,591,54.364,
winza_22,3,Server 3,10,206,52.824,
winza_22,4,Server 4,12,179,51.116,
wyse_22,11,Server 11,10,1627,58.508,1
wyse_22,7,Server 7,10,1438,57.752,
wyse_22,2,Server 2,10,1426,57.704,
wyse_22,5,Server 5,10,1163,56.652,
wyse_22,3,Server 3,10,596,54.384,
wyse_22,4,Server 4,12,1225,55.300,
yonogames,5,Server 5,10,1971,59.884,1
yonogames,11,Server 11,10,1722,58.888,
yonogames,2,Server 2,10,1440,57.760,
yonogames,7,Server 7,10,915,55.660,
yonogames,4,Server 4,10,728,54.912,
yonogames,3,Server 3,10,420,53.680,
yonoking,2,Server 2,10,1546,58.184,1
yonoking,7,Server 7,10,1225,56.900,
yonoking,5,Server 5,10,908,55.632,
yonoking,3,Server 3,10,663,54.652,
yonoking,11,Server 11,10,185,52.740,
yonoking,4,Server 4,12,1902,58.008,
spinkaro,11,Server 11,10,1718,58.872,1
spinkaro,2,Server 2,10,1260,57.040,
spinkaro,3,Server 3,10,992,55.968,
spinkaro,5,Server 5,10,863,55.452,
spinkaro,7,Server 7,10,609,54.436,
spinkaro,4,Server 4,12,1497,56.388,
spin567,11,Server 11,10,1582,58.328,1
spin567,4,Server 4,10,698,54.792,
spin567,2,Server 2,10,485,53.940,
spin567,7,Server 7,10,442,53.768,
spin567,3,Server 3,10,304,53.216,
spin567,5,Server 5,12,1959,58.236,
railtel,7,Server 7,10,1999,59.996,1
railtel,11,Server 11,10,1623,58.492,
railtel,2,Server 2,10,985,55.940,
railtel,3,Server 3,12,1825,57.700,
railtel,5,Server 5,12,1748,57.392,
railtel,4,Server 4,12,767,53.468,
star777,4,Server 4,10,1616,58.464,1
star777,3,Server 3,10,1605,58.420,
star777,11,Server 11,10,818,55.272,
star777,7,Server 7,10,427,53.708,
star777,2,Server 2,10,330,53.320,
star777,5,Server 5,12,1494,56.376,
storm,5,Server 5,10,1964,59.856,1
storm,3,Server 3,10,1961,59.844,
storm,7,Server 7,10,868,55.472,
storm,11,Server 11,10,755,55.020,
storm,2,Server 2,10,149,52.596,
storm,4,Server 4,12,1181,55.124,
starp_22,2,Server 2,10,1856,59.424,1
starp_22,11,Server 11,10,1596,58.384,
starp_22,5,Server 5,10,626,54.504,
starp_22,7,Server 7,10,160,52.640,
starp_22,3,Server 3,10,138,52.552,
starp_22,4,Server 4,12,1244,55.376,
sudipta,3,Server 3,10,1841,59.364,1
sudipta,7,Server 7,10,1765,59.060,
sudipta,5,Server 5,10,1172,56.688,
sudipta,11,Server 11,10,1016,56.064,
sudipta,2,Server 2,10,255,53.020,
sudipta,4,Server 4,12,1944,58.176,
storymax,7,Server 7,10,1526,58.104,
storymax,11,Server 11,10,1520,58.080,
storymax,4,Server 4,10,1135,56.540,
storymax,5,Server 5,10,1044,56.176,
storymax,2,Server 2,10,440,53.760,
storymax,3,Server 3,10,140,52.560,
storymax,8,Server 8,10.43,1897,59.244,1
svip777,3,Server 3,10,1817,59.268,1
svip777,2,Server 2,10,1534,58.136,
svip777,7,Server 7,10,1516,58.064,
svip777,5,Server 5,10,624,54.496,
svip777,11,Server 11,10,312,53.248,
svip777,4,Server 4,12,938,54.152,
t1game,3,Server 3,10,1956,59.824,1
t1game,2,Server 2,10,1658,58.632,
t1game,5,Server 5,10,1611,58.444,
t1game,11,Server 11,10,798,55.192,
t1game,7,Server 7,10,359,53.436,
t1game,4,Server 4,12,1993,58.372,
tapalam,7,Server 7,10,1825,59.300,1
tapalam,3,Server 3,10,1376,57.504,
tapalam,5,Server 5,10,999,55.996,
tapalam,11,Server 11,10,792,55.168,
tapalam,2,Server 2,10,762,55.048,
tapalam,4,Server 4,12,1171,55.084,
tabe,5,Server 5,10,1429,57.716,1
tabe,2,Server 2,10,1005,56.020,
tabe,11,Server 11,10,673,54.692,
tabe,3,Server 3,10,205,52.820,
tabe,7,Server 7,10,124,52.496,
tabe,4,Server 4,12,582,52.728,
teenpatisona,4,Server 4,10,1733,58.932,1
teenpatisona,2,Server 2,10,1440,57.760,
teenpatisona,3,Server 3,10,1057,56.228,
teenpatisona,7,Server 7,10,112,52.448,
teenpatisona,5,Server 5,12,369,51.876,
test_22,7,Server 7,10,1585,58.340,1
test_22,5,Server 5,10,1353,57.412,
test_22,11,Server 11,10,755,55.020,
test_22,2,Server 2,10,231,52.924,
test_22,3,Server 3,10,152,52.608,
test_22,4,Server 4,12,779,53.516,
teenpattinobel,7,Server 7,10,1580,58.320,1
teenpattinobel,2,Server 2,10,1546,58.184,
teenpattinobel,5,Server 5,10,1336,57.344,
teenpattinobel,11,Server 11,10,1260,57.040,
teenpattinobel,3,Server 3,10,913,55.652,
teenpattinobel,4,Server 4,12,579,52.716,
twilio,7,Server 7,10,1190,56.760,
twilio,11,Server 11,10,1162,56.648,
twilio,3,Server 3,10,713,54.852,
twilio,5,Server 5,10,609,54.436,
twilio,2,Server 2,10,458,53.832,
twilio,4,Server 4,12,1590,56.760,1
twilio,8,Server 8,12.796,20,49.843,
umoney,2,Server 2,10,1600,58.400,1
umoney,5,Server 5,10,1596,58.384,
umoney,4,Server 4,10,1286,57.144,
umoney,3,Server 3,10,970,55.880,
umoney,7,Server 7,10,692,54.768,
umoney,11,Server 11,10,310,53.240,
trumeds,2,Server 2,10,1505,58.020,1
trumeds,5,Server 5,10,1103,56.412,
trumeds,7,Server 7,10,1063,56.252,
trumeds,3,Server 3,10,824,55.296,
trumeds,11,Server 11,10,138,52.552,
trumeds,4,Server 4,12,270,51.480,
trumeds,8,Server 8,13.566,20,49.227,
testbook,3,Server 3,10,1336,57.344,1
testbook,11,Server 11,10,1113,56.452,
testbook,2,Server 2,10,940,55.760,
testbook,7,Server 7,10,731,54.924,
testbook,5,Server 5,10,671,54.684,
testbook,4,Server 4,12,344,51.776,
tickmill,11,Server 11,10,1921,59.684,1
tickmill,3,Server 3,10,1833,59.332,
tickmill,2,Server 2,10,1629,58.516,
tickmill,5,Server 5,10,985,55.940,
tickmill,7,Server 7,10,206,52.824,
tickmill,4,Server 4,12,414,52.056,
tiranga,2,Server 2,10,1738,58.952,1
tiranga,4,Server 4,10,1252,57.008,
tiranga,3,Server 3,10,1063,56.252,
tiranga,11,Server 11,10,233,52.932,
tiranga,7,Server 7,10,232,52.928,
tiranga,5,Server 5,12,1417,56.068,
wazirwin,3,Server 3,10,1870,59.480,1
wazirwin,11,Server 11,10,1038,56.152,
wazirwin,2,Server 2,10,482,53.928,
wazirwin,4,Server 4,10,202,52.808,
wazirwin,5,Server 5,10,181,52.724,
wazirwin,7,Server 7,10,154,52.616,
voyz,2,Server 2,10,1715,58.860,1
voyz,5,Server 5,10,1392,57.568,
voyz,11,Server 11,10,367,53.468,
voyz,3,Server 3,10,271,53.084,
voyz,7,Server 7,10,239,52.956,
voyz,4,Server 4,12,216,51.264,
vip,3,Server 3,10,1879,59.516,1
vip,5,Server 5,10,1701,58.804,
vip,7,Server 7,10,1306,57.224,
vip,2,Server 2,10,1002,56.008,
vip,11,Server 11,10,412,53.648,
vip,4,Server 4,12,649,52.996,
ak777,7,Server 7,10,1886,59.544,1
ak777,3,Server 3,10,1309,57.236,
ak777,11,Server 11,10,1203,56.812,
ak777,5,Server 5,10,1040,56.160,
ak777,2,Server 2,10,995,55.980,
ak777,4,Server 4,12,1517,56.468,
almond,11,Server 11,10,1764,59.056,1
almond,5,Server 5,10,1515,58.060,
almond,2,Server 2,10,977,55.908,
almond,3,Server 3,10,505,54.020,
almond,4,Server 4,10,223,52.892,
almond,7,Server 7,10,125,52.500,
andy_22,11,Server 11,10,1165,56.660,
andy_22,5,Server 5,10,1164,56.656,
andy_22,3,Server 3,10,610,54.440,
andy_22,2,Server 2,10,427,53.708,
andy_22,7,Server 7,10,373,53.492,
andy_22,4,Server 4,12,1817,57.668,1
apanamart_22,5,Server 5,10,1988,59.952,1
apanamart_22,3,Server 3,10,1925,59.700,
apanamart_22,2,Server 2,10,1525,58.100,
apanamart_22,11,Server 11,10,941,55.764,
apanamart_22,7,Server 7,10,648,54.592,
apanamart_22,4,Server 4,12,671,53.084,
apple,11,Server 11,10,1783,59.132,1
apple,4,Server 4,10,1605,58.420,
apple,7,Server 7,10,1130,56.520,
apple,3,Server 3,10,469,53.876,
apple,2,Server 2,10,375,53.500,
apple,5,Server 5,10,288,53.152,
bajajmarket,2,Server 2,10,1863,59.452,1
bajajmarket,7,Server 7,10,1556,58.224,
bajajmarket,3,Server 3,10,1484,57.936,
bajajmarket,11,Server 11,10,382,53.528,
bajajmarket,5,Server 5,10,277,53.108,
bajajmarket,4,Server 4,12,182,51.128,
bacasino,3,Server 3,10,1685,58.740,1
bacasino,11,Server 11,10,1208,56.832,
bacasino,7,Server 7,10,864,55.456,
bacasino,5,Server 5,10,565,54.260,
bacasino,2,Server 2,10,292,53.168,
bacasino,4,Server 4,12,919,54.076,
pundit,5,Server 5,10,1693,58.772,1
pundit,2,Server 2,10,979,55.916,
pundit,11,Server 11,10,318,53.272,
pundit,3,Server 3,10,288,53.152,
pundit,7,Server 7,10,276,53.104,
pundit,4,Server 4,12,482,52.328,
bharatpe,11,Server 11,10,1631,58.524,1
bharatpe,5,Server 5,10,980,55.920,
bharatpe,7,Server 7,10,901,55.604,
bharatpe,2,Server 2,10,392,53.568,
bharatpe,3,Server 3,10,100,52.400,
bharatpe,4,Server 4,12,1724,57.296,
bharatpe,8,Server 8,12.852,1921,57.402,
bigcity,2,Server 2,10,1050,56.200,1
bigcity,11,Server 11,10,1028,56.112,
bigcity,5,Server 5,10,838,55.352,
bigcity,3,Server 3,10,838,55.352,
bigcity,7,Server 7,10,286,53.144,
bigcity,4,Server 4,12,279,51.516,
bizom,2,Server 2,10,1523,58.092,1
bizom,5,Server 5,10,1456,57.824,
bizom,3,Server 3,10,1228,56.912,
bizom,7,Server 7,10,753,55.012,
bizom,11,Server 11,10,255,53.020,
bizom,4,Server 4,12,113,50.852,
brevistay,2,Server 2,10,1418,57.672,1
brevistay,7,Server 7,10,1319,57.276,
brevistay,4,Server 4,10,1089,56.356,
brevistay,3,Server 3,10,296,53.184,
brevistay,11,Server 11,10,273,53.092,
brevistay,5,Server 5,12,1636,56.944,
brevistay,8,Server 8,15.708,1186,52.178,
bounty,11,Server 11,10,1598,58.392,1
bounty,3,Server 3,10,982,55.928,
bounty,2,Server 2,10,840,55.360,
bounty,5,Server 5,10,622,54.488,
bounty,7,Server 7,10,547,54.188,
bounty,4,Server 4,12,433,52.132,
borzo,2,Server 2,10,1632,58.528,1
borzo,7,Server 7,10,1508,58.032,
borzo,11,Server 11,10,1259,57.036,
borzo,5,Server 5,10,833,55.332,
borzo,3,Server 3,10,284,53.136,
borzo,4,Server 4,12,1182,55.128,
bookmydiamond,11,Server 11,10,1956,59.824,1
bookmydiamond,5,Server 5,10,1707,58.828,
bookmydiamond,3,Server 3,10,1511,58.044,
bookmydiamond,2,Server 2,10,1506,58.024,
bookmydiamond,7,Server 7,10,1408,57.632,
bookmydiamond,4,Server 4,12,718,53.272,
boat,7,Server 7,10,1067,56.268,1
boat,2,Server 2,10,1021,56.084,
boat,11,Server 11,10,779,55.116,
boat,5,Server 5,10,612,54.448,
boat,3,Server 3,10,433,53.732,
boat,4,Server 4,12,212,51.248,
brevo,2,Server 2,10,1722,58.888,1
brevo,7,Server 7,10,1503,58.012,
brevo,11,Server 11,10,683,54.732,
brevo,5,Server 5,10,272,53.088,
brevo,3,Server 3,10,210,52.840,
brevo,4,Server 4,12,1835,57.740,
brevo,8,Server 8,25.172,20,39.942,
brskly,3,Server 3,10,1544,58.176,1
brskly,11,Server 11,10,1283,57.132,
brskly,2,Server 2,10,769,55.076,
brskly,7,Server 7,10,389,53.556,
brskly,5,Server 5,10,219,52.876,
brskly,4,Server 4,12,1707,57.228,
buggie,2,Server 2,10,1681,58.724,1
buggie,7,Server 7,10,881,55.524,
buggie,11,Server 11,10,452,53.808,
buggie,3,Server 3,10,401,53.604,
buggie,5,Server 5,10,384,53.536,
buggie,4,Server 4,12,436,52.144,
career360_22,2,Server 2,10,1281,57.124,1
career360_22,3,Server 3,10,1080,56.320,
career360_22,11,Server 11,10,831,55.324,
career360_22,7,Server 7,10,320,53.280,
career360_22,5,Server 5,10,100,52.400,
career360_22,4,Server 4,12,747,53.388,
cashbook,5,Server 5,10,1547,58.188,1
cashbook,11,Server 11,10,1476,57.904,
cashbook,3,Server 3,10,1275,57.100,
cashbook,7,Server 7,10,966,55.864,
cashbook,2,Server 2,10,731,54.924,
cashbook,4,Server 4,12,587,52.748,
cheq,3,Server 3,10,1394,57.576,1
cheq,4,Server 4,10,1352,57.408,
cheq,7,Server 7,10,1090,56.360,
cheq,11,Server 11,10,705,54.820,
cheq,2,Server 2,10,129,52.516,
cheq,5,Server 5,12,767,53.468,
cheq,8,Server 8,15.708,1105,51.854,
cigna_22,11,Server 11,10,1551,58.204,1
cigna_22,3,Server 3,10,1021,56.084,
cigna_22,5,Server 5,10,820,55.280,
cigna_22,2,Server 2,10,808,55.232,
cigna_22,7,Server 7,10,457,53.828,
cigna_22,4,Server 4,12,336,51.744,
cipla_22,2,Server 2,10,1740,58.960,1
cipla_22,7,Server 7,10,1531,58.124,
cipla_22,5,Server 5,10,1410,57.640,
cipla_22,3,Server 3,10,590,54.360,
cipla_22,11,Server 11,10,195,52.780,
cipla_22,4,Server 4,12,1491,56.364,
citykart,11,Server 11,10,997,55.988,1
citykart,2,Server 2,10,936,55.744,
citykart,5,Server 5,10,557,54.228,
citykart,7,Server 7,10,266,53.064,
citykart,3,Server 3,10,222,52.888,
citykart,4,Server 4,12,1316,55.664,
connecto_22,7,Server 7,10,1652,58.608,1
connecto_22,2,Server 2,10,1601,58.404,
connecto_22,5,Server 5,10,1270,57.080,
connecto_22,11,Server 11,10,959,55.836,
connecto_22,3,Server 3,10,294,53.176,
connecto_22,4,Server 4,12,414,52.056,
connecto_22,8,Server 8,15.708,1710,54.274,
crisscross,2,Server 2,10,1605,58.420,1
crisscross,5,Server 5,10,1457,57.828,
crisscross,3,Server 3,10,548,54.192,
crisscross,11,Server 11,10,453,53.812,
crisscross,7,Server 7,10,326,53.304,
crisscross,4,Server 4,12,512,52.448,
dainikbhaskar,7,Server 7,10,1748,58.992,1
dainikbhaskar,3,Server 3,10,755,55.020,
dainikbhaskar,2,Server 2,10,475,53.900,
dainikbhaskar,5,Server 5,10,312,53.248,
dainikbhaskar,11,Server 11,10,293,53.172,
dainikbhaskar,4,Server 4,12,1742,57.368,
crystalpay_22,2,Server 2,10,1520,58.080,1
crystalpay_22,7,Server 7,10,1307,57.228,
crystalpay_22,11,Server 11,10,1216,56.864,
crystalpay_22,3,Server 3,10,1050,56.200,
crystalpay_22,5,Server 5,10,308,53.232,
crystalpay_22,4,Server 4,12,1782,57.528,
croreplay_22,5,Server 5,10,1996,59.984,1
croreplay_22,2,Server 2,10,1515,58.060,
croreplay_22,11,Server 11,10,804,55.216,
croreplay_22,7,Server 7,10,607,54.428,
croreplay_22,3,Server 3,10,299,53.196,
croreplay_22,4,Server 4,12,1135,54.940,
dbggame,2,Server 2,10,1893,59.572,1
dbggame,5,Server 5,10,1763,59.052,
dbggame,3,Server 3,10,1258,57.032,
dbggame,11,Server 11,10,1208,56.832,
dbggame,7,Server 7,10,175,52.700,
dbggame,4,Server 4,12,669,53.076,
btd,7,Server 7,10,1859,59.436,1
btd,2,Server 2,10,1445,57.780,
btd,3,Server 3,10,1396,57.584,
btd,11,Server 11,10,855,55.420,
btd,5,Server 5,10,485,53.940,
btd,4,Server 4,12,700,53.200,
delhiveroo,11,Server 11,10,1829,59.316,1
delhiveroo,2,Server 2,10,1712,58.848,
delhiveroo,5,Server 5,10,1691,58.764,
delhiveroo,7,Server 7,10,1010,56.040,
delhiveroo,3,Server 3,10,152,52.608,
delhiveroo,4,Server 4,12,335,51.740,
dermaco,2,Server 2,10,1841,59.364,1
dermaco,5,Server 5,10,1108,56.432,
dermaco,3,Server 3,10,1047,56.188,
dermaco,7,Server 7,10,772,55.088,
dermaco,11,Server 11,10,610,54.440,
dermaco,4,Server 4,12,1082,54.728,
delhivery,11,Server 11,10,1882,59.528,1
delhivery,3,Server 3,10,1458,57.832,
delhivery,5,Server 5,10,1194,56.776,
delhivery,7,Server 7,10,566,54.264,
delhivery,2,Server 2,10,487,53.948,
delhivery,4,Server 4,12,223,51.292,
dggame,7,Server 7,10,1601,58.404,1
dggame,5,Server 5,10,1102,56.408,
dggame,3,Server 3,10,793,55.172,
dggame,11,Server 11,10,792,55.168,
dggame,2,Server 2,10,240,52.960,
dggame,4,Server 4,12,1064,54.656,
digialaya,5,Server 5,10,1996,59.984,1
digialaya,3,Server 3,10,1948,59.792,
digialaya,7,Server 7,10,1905,59.620,
digialaya,11,Server 11,10,1172,56.688,
digialaya,2,Server 2,10,465,53.860,
digialaya,4,Server 4,12,396,51.984,
digitaltopup,2,Server 2,10,1982,59.928,1
digitaltopup,11,Server 11,10,1773,59.092,
digitaltopup,5,Server 5,10,931,55.724,
digitaltopup,3,Server 3,10,516,54.064,
digitaltopup,7,Server 7,10,171,52.684,
digitaltopup,4,Server 4,12,488,52.352,
dkart,2,Server 2,10,1880,59.520,1
dkart,7,Server 7,10,1575,58.300,
dkart,5,Server 5,10,1022,56.088,
dkart,3,Server 3,10,1005,56.020,
dkart,11,Server 11,10,710,54.840,
dkart,4,Server 4,12,1448,56.192,
dove,7,Server 7,10,1413,57.652,1
dove,11,Server 11,10,1296,57.184,
dove,3,Server 3,10,955,55.820,
dove,5,Server 5,10,239,52.956,
dove,2,Server 2,10,190,52.760,
dove,4,Server 4,12,531,52.524,
drop,5,Server 5,10,1645,58.580,1
drop,11,Server 11,10,1598,58.392,
drop,2,Server 2,10,1444,57.776,
drop,7,Server 7,10,1308,57.232,
drop,3,Server 3,10,1059,56.236,
drop,4,Server 4,12,303,51.612,
dropit_22,3,Server 3,10,1765,59.060,1
dropit_22,2,Server 2,10,1758,59.032,
dropit_22,11,Server 11,10,1742,58.968,
dropit_22,7,Server 7,10,773,55.092,
dropit_22,5,Server 5,10,152,52.608,
dropit_22,4,Server 4,12,732,53.328,
eipl,11,Server 11,10,1989,59.956,1
eipl,5,Server 5,10,1820,59.280,
eipl,2,Server 2,10,1562,58.248,
eipl,3,Server 3,10,492,53.968,
eipl,7,Server 7,10,426,53.704,
eipl,4,Server 4,12,653,53.012,
eatclub,2,Server 2,10,1935,59.740,1
eatclub,11,Server 11,10,1213,56.852,
eatclub,5,Server 5,10,569,54.276,
eatclub,3,Server 3,10,521,54.084,
eatclub,7,Server 7,10,312,53.248,
eatclub,4,Server 4,12,573,52.692,
foxtale,11,Server 11,10,1604,58.416,1
foxtale,2,Server 2,10,1271,57.084,
foxtale,3,Server 3,10,1251,57.004,
foxtale,5,Server 5,10,665,54.660,
foxtale,7,Server 7,10,207,52.828,
foxtale,4,Server 4,12,1354,55.816,
freehit,11,Server 11,10,1856,59.424,1
freehit,7,Server 7,10,1673,58.692,
freehit,3,Server 3,10,1634,58.536,
freehit,4,Server 4,10,1148,56.592,
freehit,2,Server 2,10,715,54.860,
freehit,5,Server 5,12,955,54.220,
freerecharge,11,Server 11,10,1272,57.088,1
freerecharge,7,Server 7,10,1057,56.228,
freerecharge,3,Server 3,10,871,55.484,
freerecharge,5,Server 5,10,811,55.244,
freerecharge,2,Server 2,10,225,52.900,
freerecharge,4,Server 4,12,160,51.040,
frnd,2,Server 2,10,1825,59.300,1
frnd,3,Server 3,10,1196,56.784,
frnd,11,Server 11,10,376,53.504,
frnd,7,Server 7,10,347,53.388,
frnd,5,Server 5,10,184,52.736,
frnd,4,Server 4,12,758,53.432,
frnd,8,Server 8,21.42,812,46.112,
gamerummy,11,Server 11,10,1407,57.628,1
gamerummy,5,Server 5,10,1249,56.996,
gamerummy,3,Server 3,10,780,55.120,
gamerummy,2,Server 2,10,605,54.420,
gamerummy,7,Server 7,10,537,54.148,
gamerummy,4,Server 4,12,1555,56.620,
game1,5,Server 5,10,1057,56.228,
game1,11,Server 11,10,834,55.336,
game1,7,Server 7,10,460,53.840,
game1,2,Server 2,10,424,53.696,
game1,3,Server 3,10,321,53.284,
game1,4,Server 4,12,1616,56.864,1
google,11,Server 11,10,1752,59.008,1
google,3,Server 3,10,1186,56.744,
google,4,Server 4,10,1130,56.520,
google,7,Server 7,10,1118,56.472,
google,2,Server 2,10,940,55.760,
google,8,Server 8,16.8,1586,52.904,
google,12,Server 12,22,1082,46.728,
googlemessage,3,Server 3,10,1707,58.828,1
googlemessage,11,Server 11,10,1286,57.144,
googlemessage,2,Server 2,10,1277,57.108,
googlemessage,7,Server 7,10,1234,56.936,
googlemessage,4,Server 4,10,1136,56.544,
googlemessage,5,Server 5,10,400,53.600,
hmrmal_22,2,Server 2,10,1916,59.664,1
hmrmal_22,11,Server 11,10,956,55.824,
hmrmal_22,3,Server 3,10,657,54.628,
hmrmal_22,5,Server 5,10,325,53.300,
hmrmal_22,7,Server 7,10,296,53.184,
hmrmal_22,4,Server 4,12,977,54.308,
havells_22,2,Server 2,10,1865,59.460,1
havells_22,7,Server 7,10,1819,59.276,
havells_22,5,Server 5,10,829,55.316,
havells_22,3,Server 3,10,236,52.944,
havells_22,11,Server 11,10,130,52.520,
havells_22,4,Server 4,12,1480,56.320,
happyrummy,2,Server 2,10,1549,58.196,1
happyrummy,5,Server 5,10,1366,57.464,
happyrummy,11,Server 11,10,471,53.884,
happyrummy,7,Server 7,10,451,53.804,
happyrummy,3,Server 3,10,315,53.260,
happyrummy,4,Server 4,10,212,52.848,
housing,11,Server 11,10,1785,59.140,1
housing,3,Server 3,10,1770,59.080,
housing,2,Server 2,10,1574,58.296,
housing,4,Server 4,10,847,55.388,
housing,7,Server 7,10,666,54.664,
housing,5,Server 5,12,1220,55.280,
icici,11,Server 11,10,1905,59.620,1
icici,7,Server 7,10,916,55.664,
icici,3,Server 3,10,573,54.292,
icici,2,Server 2,10,525,54.100,
icici,5,Server 5,10,221,52.884,
icici,4,Server 4,12,1902,58.008,
icicimf,11,Server 11,10,1759,59.036,1
icicimf,7,Server 7,10,1501,58.004,
icicimf,2,Server 2,10,1438,57.752,
icicimf,3,Server 3,10,1070,56.280,
icicimf,5,Server 5,10,1037,56.148,
icicimf,4,Server 4,12,921,54.084,
indusbet,2,Server 2,10,1764,59.056,1
indusbet,3,Server 3,10,1086,56.344,
indusbet,5,Server 5,10,860,55.440,
indusbet,11,Server 11,10,305,53.220,
indusbet,7,Server 7,10,148,52.592,
indusbet,4,Server 4,12,888,53.952,
jaiclub,3,Server 3,10,1897,59.588,1
jaiclub,11,Server 11,10,671,54.684,
jaiclub,4,Server 4,10,653,54.612,
jaiclub,7,Server 7,10,650,54.600,
jaiclub,2,Server 2,10,252,53.008,
jaiclub,5,Server 5,12,813,53.652,
jiofiber_22,5,Server 5,10,1658,58.632,1
jiofiber_22,11,Server 11,10,1273,57.092,
jiofiber_22,7,Server 7,10,1241,56.964,
jiofiber_22,3,Server 3,10,1112,56.448,
jiofiber_22,2,Server 2,10,283,53.132,
jiofiber_22,4,Server 4,12,1122,54.888,
jumbo,5,Server 5,10,1578,58.312,1
jumbo,2,Server 2,10,1535,58.140,
jumbo,7,Server 7,10,1522,58.088,
jumbo,11,Server 11,10,1499,57.996,
jumbo,3,Server 3,10,844,55.376,
jumbo,4,Server 4,12,1955,58.220,
justdial,8,Server 8,2.786,20,57.851,
justdial,2,Server 2,10,1814,59.256,1
justdial,5,Server 5,10,926,55.704,
justdial,7,Server 7,10,874,55.496,
justdial,3,Server 3,10,867,55.468,
justdial,11,Server 11,10,341,53.364,
justdial,4,Server 4,12,1799,57.596,
lendingplate,5,Server 5,10,721,54.884,1
lendingplate,3,Server 3,10,637,54.548,
lendingplate,11,Server 11,10,527,54.108,
lendingplate,7,Server 7,10,161,52.644,
lendingplate,2,Server 2,10,117,52.468,
lendingplate,4,Server 4,12,209,51.236,
kredbharat,11,Server 11,10,1360,57.440,1
kredbharat,3,Server 3,10,1221,56.884,
kredbharat,5,Server 5,10,897,55.588,
kredbharat,7,Server 7,10,489,53.956,
kredbharat,2,Server 2,10,108,52.432,
kredbharat,4,Server 4,12,1167,55.068,
klydo,11,Server 11,10,1930,59.720,1
klydo,2,Server 2,10,1383,57.532,
klydo,3,Server 3,10,1209,56.836,
klydo,7,Server 7,10,1042,56.168,
klydo,5,Server 5,10,458,53.832,
klydo,4,Server 4,12,649,52.996,
lottery7,3,Server 3,10,1914,59.656,1
lottery7,5,Server 5,10,1869,59.476,
lottery7,2,Server 2,10,1821,59.284,
lottery7,11,Server 11,10,579,54.316,
lottery7,7,Server 7,10,369,53.476,
lottery7,4,Server 4,12,1752,57.408,
ludofancy_22,11,Server 11,10,1889,59.556,1
ludofancy_22,5,Server 5,10,1317,57.268,
ludofancy_22,3,Server 3,10,861,55.444,
ludofancy_22,2,Server 2,10,779,55.116,
ludofancy_22,7,Server 7,10,674,54.696,
ludofancy_22,4,Server 4,12,797,53.588,
mahaluck,2,Server 2,10,969,55.876,1
mahaluck,3,Server 3,10,960,55.840,
mahaluck,11,Server 11,10,888,55.552,
mahaluck,7,Server 7,10,372,53.488,
mahaluck,5,Server 5,10,161,52.644,
mahaluck,4,Server 4,12,1182,55.128,
mantrigame,7,Server 7,10,1796,59.184,1
mantrigame,5,Server 5,10,1469,57.876,
mantrigame,3,Server 3,10,884,55.536,
mantrigame,2,Server 2,10,762,55.048,
mantrigame,11,Server 11,10,296,53.184,
mantrigame,4,Server 4,12,1020,54.480,
mantrishop,11,Server 11,10,1646,58.584,1
mantrishop,7,Server 7,10,1461,57.844,
mantrishop,3,Server 3,10,1391,57.564,
mantrishop,2,Server 2,10,1126,56.504,
mantrishop,4,Server 4,10,350,53.400,
mantrishop,5,Server 5,12,562,52.648,
master_22,11,Server 11,10,1636,58.544,1
master_22,3,Server 3,10,1224,56.896,
master_22,5,Server 5,10,534,54.136,
master_22,7,Server 7,10,494,53.976,
master_22,2,Server 2,10,315,53.260,
master_22,4,Server 4,12,221,51.284,
matkax,11,Server 11,10,1743,58.972,1
matkax,2,Server 2,10,1238,56.952,
matkax,3,Server 3,10,1079,56.316,
matkax,5,Server 5,10,886,55.544,
matkax,7,Server 7,10,822,55.288,
matkax,4,Server 4,12,1783,57.532,
meragaao,2,Server 2,10,897,55.588,1
meragaao,7,Server 7,10,436,53.744,
meragaao,8,Server 8,12.852,20,49.798,
milkbasket,7,Server 7,10,1921,59.684,1
milkbasket,3,Server 3,10,809,55.236,
milkbasket,11,Server 11,10,635,54.540,
milkbasket,4,Server 4,10,595,54.380,
milkbasket,2,Server 2,10,103,52.412,
milkbasket,5,Server 5,12,421,52.084,
jjh_22,2,Server 2,10,1678,58.712,1
jjh_22,3,Server 3,10,496,53.984,
jjh_22,11,Server 11,10,398,53.592,
jjh_22,7,Server 7,10,296,53.184,
jjh_22,5,Server 5,10,290,53.160,
jjh_22,4,Server 4,12,1472,56.288,
mtgame,2,Server 2,10,1941,59.764,1
mtgame,3,Server 3,10,1844,59.376,
mtgame,7,Server 7,10,1805,59.220,
mtgame,11,Server 11,10,1563,58.252,
mtgame,5,Server 5,10,1435,57.740,
mtgame,4,Server 4,12,1659,57.036,
mreward,7,Server 7,10,1863,59.452,1
mreward,2,Server 2,10,1829,59.316,
mreward,3,Server 3,10,1450,57.800,
mreward,11,Server 11,10,940,55.760,
mreward,5,Server 5,10,433,53.732,
mreward,4,Server 4,12,1987,58.348,
mr777,7,Server 7,10,1895,59.580,1
mr777,2,Server 2,10,1294,57.176,
mr777,11,Server 11,10,1178,56.712,
mr777,3,Server 3,10,1147,56.588,
mr777,5,Server 5,10,756,55.024,
mr777,4,Server 4,12,1982,58.328,
mpocket_22,5,Server 5,10,1546,58.184,1
mpocket_22,2,Server 2,10,1246,56.984,
mpocket_22,3,Server 3,10,1127,56.508,
mpocket_22,7,Server 7,10,1082,56.328,
mpocket_22,4,Server 4,12,577,52.708,
mymart,3,Server 3,10,1310,57.240,1
mymart,7,Server 7,10,888,55.552,
mymart,5,Server 5,10,558,54.232,
mymart,11,Server 11,10,164,52.656,
mymart,2,Server 2,10,149,52.596,
mymart,4,Server 4,12,1071,54.684,
mywallet,3,Server 3,10,1716,58.864,1
mywallet,5,Server 5,10,1469,57.876,
mywallet,2,Server 2,10,1186,56.744,
mywallet,7,Server 7,10,863,55.452,
mywallet,11,Server 11,10,467,53.868,
mywallet,4,Server 4,12,1423,56.092,
nexsoft_22,5,Server 5,10,1738,58.952,1
nexsoft_22,11,Server 11,10,1052,56.208,
nexsoft_22,3,Server 3,10,1010,56.040,
nexsoft_22,7,Server 7,10,584,54.336,
nexsoft_22,2,Server 2,10,330,53.320,
nexsoft_22,4,Server 4,12,925,54.100,
netmeds,11,Server 11,10,1993,59.972,1
netmeds,2,Server 2,10,1539,58.156,
netmeds,5,Server 5,10,1479,57.916,
netmeds,3,Server 3,10,905,55.620,
netmeds,7,Server 7,10,729,54.916,
netmeds,4,Server 4,12,595,52.780,
nielsenmore_22,3,Server 3,10,1743,58.972,1
nielsenmore_22,5,Server 5,10,731,54.924,
nielsenmore_22,7,Server 7,10,499,53.996,
nielsenmore_22,11,Server 11,10,191,52.764,
nielsenmore_22,2,Server 2,10,103,52.412,
nielsenmore_22,4,Server 4,12,1372,55.888,
ncfun,3,Server 3,10,1429,57.716,1
ncfun,2,Server 2,10,906,55.624,
ncfun,7,Server 7,10,758,55.032,
ncfun,5,Server 5,10,730,54.920,
ncfun,11,Server 11,10,342,53.368,
ncfun,4,Server 4,12,1735,57.340,
novamines_22,3,Server 3,10,1993,59.972,1
novamines_22,2,Server 2,10,1591,58.364,
novamines_22,11,Server 11,10,1528,58.112,
novamines_22,5,Server 5,10,1288,57.152,
novamines_22,7,Server 7,10,724,54.896,
novamines_22,4,Server 4,12,1906,58.024,
okwin,11,Server 11,10,1999,59.996,1
okwin,3,Server 3,10,1555,58.220,
okwin,4,Server 4,10,1254,57.016,
okwin,2,Server 2,10,1171,56.684,
okwin,7,Server 7,10,243,52.972,
okwin,5,Server 5,12,524,52.496,
okwin,8,Server 8,12.376,509,52.135,
olacabs,2,Server 2,10,999,55.996,
olacabs,3,Server 3,10,710,54.840,
olacabs,11,Server 11,10,695,54.780,
olacabs,7,Server 7,10,692,54.768,
olacabs,5,Server 5,10,186,52.744,
olacabs,4,Server 4,12,1401,56.004,1
olacabs,8,Server 8,12.852,20,49.798,
orgen,5,Server 5,10,1888,59.552,1
orgen,11,Server 11,10,1390,57.560,
orgen,7,Server 7,10,1374,57.496,
orgen,2,Server 2,10,253,53.012,
orgen,3,Server 3,10,242,52.968,
orgen,4,Server 4,12,909,54.036,
dubaiexch247,5,Server 5,10,1987,59.948,1
dubaiexch247,2,Server 2,10,1862,59.448,
dubaiexch247,7,Server 7,10,1764,59.056,
dubaiexch247,11,Server 11,10,1474,57.896,
dubaiexch247,3,Server 3,10,1141,56.564,
dubaiexch247,4,Server 4,12,1165,55.060,
hamaramall,5,Server 5,10,890,55.560,
hamaramall,11,Server 11,10,888,55.552,
hamaramall,2,Server 2,10,528,54.112,
hamaramall,3,Server 3,10,497,53.988,
hamaramall,7,Server 7,10,223,52.892,
hamaramall,4,Server 4,12,1780,57.520,1
hamaramall,8,Server 8,21.42,313,44.116,
hamramall,7,Server 7,10,1553,58.212,1
hamramall,3,Server 3,10,1170,56.680,
hamramall,11,Server 11,10,863,55.452,
hamramall,5,Server 5,10,256,53.024,
hamramall,2,Server 2,10,157,52.628,
hamramall,4,Server 4,12,1621,56.884,
in99,11,Server 11,10,1939,59.756,1
in99,2,Server 2,10,1714,58.856,
in99,3,Server 3,10,1537,58.148,
in99,5,Server 5,10,1331,57.324,
in99,7,Server 7,10,832,55.328,
in99,4,Server 4,12,1634,56.936,
in999,7,Server 7,10,1403,57.612,1
in999,11,Server 11,10,1355,57.420,
in999,5,Server 5,10,545,54.180,
in999,2,Server 2,10,331,53.324,
in999,3,Server 3,10,151,52.604,
in999,4,Server 4,12,671,53.084,
incred,4,Server 4,10,1014,56.056,1
incred,5,Server 5,10,753,55.012,
incred,11,Server 11,10,456,53.824,
incred,2,Server 2,10,423,53.692,
incred,3,Server 3,10,249,52.996,
incred,7,Server 7,10,142,52.568,
indiago,2,Server 2,10,1848,59.392,1
indiago,3,Server 3,10,1830,59.320,
indiago,5,Server 5,10,1451,57.804,
indiago,7,Server 7,10,1394,57.576,
indiago,11,Server 11,10,1221,56.884,
indiago,4,Server 4,12,1106,54.824,
jwin,5,Server 5,10,1708,58.832,1
jwin,2,Server 2,10,1335,57.340,
jwin,11,Server 11,10,1301,57.204,
jwin,7,Server 7,10,1139,56.556,
jwin,3,Server 3,10,270,53.080,
jwin,4,Server 4,12,538,52.552,
keenin,11,Server 11,10,1882,59.528,1
keenin,5,Server 5,10,1051,56.204,
keenin,7,Server 7,10,904,55.616,
keenin,3,Server 3,10,278,53.112,
keenin,2,Server 2,10,270,53.080,
keenin,4,Server 4,12,621,52.884,
kheloboss,7,Server 7,10,1134,56.536,1
kheloboss,2,Server 2,10,1025,56.100,
kheloboss,5,Server 5,10,968,55.872,
kheloboss,3,Server 3,10,552,54.208,
kheloboss,11,Server 11,10,318,53.272,
kheloboss,4,Server 4,12,222,51.288,
kk789,7,Server 7,10,1976,59.904,1
kk789,2,Server 2,10,1848,59.392,
kk789,5,Server 5,10,299,53.196,
kk789,3,Server 3,10,297,53.188,
kk789,11,Server 11,10,279,53.116,
kk789,4,Server 4,12,447,52.188,
parbet,7,Server 7,10,1142,56.568,
parbet,2,Server 2,10,1141,56.564,
parbet,3,Server 3,10,465,53.860,
parbet,11,Server 11,10,279,53.116,
parbet,5,Server 5,10,187,52.748,
parbet,4,Server 4,12,1791,57.564,1
perbet,3,Server 3,10,1750,59.000,1
perbet,11,Server 11,10,1680,58.720,
perbet,7,Server 7,10,1192,56.768,
perbet,5,Server 5,10,988,55.952,
perbet,2,Server 2,10,789,55.156,
perbet,4,Server 4,12,1911,58.044,
pharmarack,5,Server 5,10,1980,59.920,1
pharmarack,7,Server 7,10,1350,57.400,
pharmarack,3,Server 3,10,1297,57.188,
pharmarack,11,Server 11,10,625,54.500,
pharmarack,2,Server 2,10,490,53.960,
pharmarack,4,Server 4,12,1951,58.204,
playconsole,11,Server 11,10,1853,59.412,1
playconsole,5,Server 5,10,1783,59.132,
playconsole,7,Server 7,10,1505,58.020,
playconsole,3,Server 3,10,955,55.820,
playconsole,2,Server 2,10,104,52.416,
playconsole,4,Server 4,12,415,52.060,
pmfby,5,Server 5,10,1884,59.536,1
pmfby,3,Server 3,10,1743,58.972,
pmfby,7,Server 7,10,1352,57.408,
pmfby,2,Server 2,10,1155,56.620,
pmfby,11,Server 11,10,270,53.080,
pmfby,4,Server 4,12,445,52.180,
pointmatka,3,Server 3,10,1970,59.880,1
pointmatka,5,Server 5,10,1921,59.684,
pointmatka,11,Server 11,10,1448,57.792,
pointmatka,2,Server 2,10,1231,56.924,
pointmatka,7,Server 7,10,622,54.488,
pointmatka,4,Server 4,12,1826,57.704,
policybazaar,11,Server 11,10,1655,58.620,1
policybazaar,3,Server 3,10,1148,56.592,
policybazaar,5,Server 5,10,875,55.500,
policybazaar,2,Server 2,10,324,53.296,
policybazaar,7,Server 7,10,166,52.664,
policybazaar,4,Server 4,12,200,51.200,
poonewala,3,Server 3,10,1988,59.952,1
poonewala,7,Server 7,10,1195,56.780,
poonewala,5,Server 5,10,1031,56.124,
poonewala,2,Server 2,10,1012,56.048,
poonewala,11,Server 11,10,908,55.632,
poonewala,4,Server 4,12,1592,56.768,
praxo,7,Server 7,10,1601,58.404,1
praxo,5,Server 5,10,1131,56.524,
praxo,3,Server 3,10,950,55.800,
praxo,4,Server 4,10,813,55.252,
praxo,2,Server 2,10,656,54.624,
praxo,11,Server 11,10,432,53.728,
private,2,Server 2,10,1644,58.576,1
private,11,Server 11,10,1633,58.532,
private,5,Server 5,10,531,54.124,
private,7,Server 7,10,238,52.952,
private,3,Server 3,10,116,52.464,
private,4,Server 4,12,891,53.964,
mobi,5,Server 5,10,1980,59.920,1
mobi,7,Server 7,10,1763,59.052,
mobi,3,Server 3,10,976,55.904,
mobi,2,Server 2,10,895,55.580,
mobi,8,Server 8,11.424,20,50.941,
mobi,4,Server 4,12,705,53.220,
mobileconnect,2,Server 2,10,1568,58.272,1
mobileconnect,11,Server 11,10,1433,57.732,
mobileconnect,7,Server 7,10,380,53.520,
mobileconnect,5,Server 5,10,303,53.212,
mobileconnect,3,Server 3,10,233,52.932,
mobileconnect,4,Server 4,12,1451,56.204,
private1,11,Server 11,10,1717,58.868,1
private1,2,Server 2,10,1030,56.120,
private1,3,Server 3,10,858,55.432,
private1,5,Server 5,10,803,55.212,
private1,7,Server 7,10,549,54.196,
private1,4,Server 4,12,1661,57.044,
quicktv,4,Server 4,10,1514,58.056,1
quicktv,7,Server 7,10,1343,57.372,
quicktv,5,Server 5,10,1180,56.720,
quicktv,3,Server 3,10,968,55.872,
quicktv,2,Server 2,10,805,55.220,
quicktv,11,Server 11,10,710,54.840,
quicktv,8,Server 8,15.708,282,48.562,
qwikcliver,2,Server 2,10,1605,58.420,1
qwikcliver,7,Server 7,10,850,55.400,
qwikcliver,11,Server 11,10,137,52.548,
qwikcliver,3,Server 3,15,1901,55.604,
qwikcliver,4,Server 4,15,1714,54.856,
qwikcliver,5,Server 5,15,733,50.932,
razorpay,5,Server 5,10,1746,58.984,1
razorpay,2,Server 2,10,1652,58.608,
razorpay,3,Server 3,10,1122,56.488,
razorpay,7,Server 7,10,1120,56.480,
razorpay,11,Server 11,10,694,54.776,
razorpay,4,Server 4,12,1657,57.028,
realstate,5,Server 5,10,1650,58.600,1
realstate,2,Server 2,10,1324,57.296,
realstate,7,Server 7,10,989,55.956,
realstate,11,Server 11,10,274,53.096,
realstate,3,Server 3,10,122,52.488,
realstate,4,Server 4,12,805,53.620,
rebounce,5,Server 5,10,1588,58.352,1
rebounce,7,Server 7,10,1347,57.388,
rebounce,2,Server 2,10,956,55.824,
rebounce,3,Server 3,10,934,55.736,
rebounce,11,Server 11,10,757,55.028,
rebounce,4,Server 4,12,1425,56.100,
redbus,8,Server 8,7.14,934,58.024,
redbus,4,Server 4,10,1642,58.568,1
redbus,7,Server 7,10,635,54.540,
redbus,2,Server 2,10,527,54.108,
redbus,3,Server 3,10,371,53.484,
redbus,11,Server 11,10,301,53.204,
redbus,5,Server 5,12,1297,55.588,
repair,3,Server 3,10,1647,58.588,1
repair,2,Server 2,10,1470,57.880,
repair,5,Server 5,10,638,54.552,
repair,7,Server 7,10,491,53.964,
repair,11,Server 11,10,446,53.784,
repair,4,Server 4,12,580,52.720,
research360,8,Server 8,9.996,408,53.635,
research360,11,Server 11,10,1830,59.320,1
research360,7,Server 7,10,758,55.032,
research360,4,Server 4,10,750,55.000,
research360,2,Server 2,10,250,53.000,
research360,3,Server 3,10,118,52.472,
research360,5,Server 5,12,618,52.872,
rewardmedia,3,Server 3,10,1404,57.616,1
rewardmedia,7,Server 7,10,1069,56.276,
rewardmedia,2,Server 2,10,623,54.492,
rewardmedia,11,Server 11,10,399,53.596,
rewardmedia,5,Server 5,10,230,52.920,
rewardmedia,4,Server 4,12,555,52.620,
ricklive,2,Server 2,10,1667,58.668,1
ricklive,11,Server 11,10,1219,56.876,
ricklive,7,Server 7,10,514,54.056,
ricklive,5,Server 5,10,327,53.308,
ricklive,3,Server 3,10,218,52.872,
ricklive,4,Server 4,12,689,53.156,
ricktick,3,Server 3,10,1745,58.980,1
ricktick,5,Server 5,10,1199,56.796,
ricktick,11,Server 11,10,768,55.072,
ricktick,2,Server 2,10,448,53.792,
ricktick,7,Server 7,10,366,53.464,
ricktick,4,Server 4,12,1866,57.864,
rockywin,7,Server 7,10,1294,57.176,1
rockywin,3,Server 3,10,1230,56.920,
rockywin,5,Server 5,10,940,55.760,
rockywin,11,Server 11,10,921,55.684,
rockywin,2,Server 2,10,716,54.864,
rockywin,4,Server 4,12,965,54.260,
rohini,3,Server 3,10,1822,59.288,1
rohini,11,Server 11,10,1773,59.092,
rohini,2,Server 2,10,1600,58.400,
rohini,7,Server 7,10,580,54.320,
rohini,5,Server 5,10,167,52.668,
rohini,4,Server 4,12,125,50.900,
rojdhan,5,Server 5,10,1989,59.956,1
rojdhan,11,Server 11,10,503,54.012,
rojdhan,2,Server 2,10,464,53.856,
rojdhan,7,Server 7,10,312,53.248,
rojdhan,3,Server 3,10,292,53.168,
rojdhan,4,Server 4,12,224,51.296,
roney,3,Server 3,10,1876,59.504,1
roney,7,Server 7,10,1019,56.076,
roney,11,Server 11,10,979,55.916,
roney,5,Server 5,10,917,55.668,
roney,2,Server 2,10,613,54.452,
roney,4,Server 4,12,377,51.908,
rosier,2,Server 2,10,1695,58.780,1
rosier,11,Server 11,10,1387,57.548,
rosier,7,Server 7,10,1359,57.436,
rosier,5,Server 5,10,1210,56.840,
rosier,3,Server 3,10,773,55.092,
rosier,4,Server 4,12,253,51.412,
rummyclub,7,Server 7,10,1917,59.668,1
rummyclub,2,Server 2,10,1804,59.216,
rummyclub,5,Server 5,10,1445,57.780,
rummyclub,3,Server 3,10,341,53.364,
rummyclub,11,Server 11,10,272,53.088,
rummyclub,4,Server 4,12,918,54.072,
leader,3,Server 3,10,1180,56.720,1
leader,5,Server 5,10,1147,56.588,
leader,4,Server 4,10,1101,56.404,
leader,11,Server 11,10,455,53.820,
rummygrand,2,Server 2,10,1905,59.620,1
rummygrand,7,Server 7,10,1377,57.508,
rummygrand,11,Server 11,10,1062,56.248,
rummygrand,4,Server 4,10,1025,56.100,
rummygrand,5,Server 5,10,931,55.724,
rummygrand,3,Server 3,10,135,52.540,
rummymars,2,Server 2,10,1918,59.672,1
rummymars,3,Server 3,10,1006,56.024,
rummymars,5,Server 5,10,698,54.792,
rummymars,7,Server 7,10,461,53.844,
rummymars,11,Server 11,10,233,52.932,
rummymars,4,Server 4,12,1911,58.044,
rummysweety,3,Server 3,10,1810,59.240,1
rummysweety,7,Server 7,10,1329,57.316,
rummysweety,11,Server 11,10,830,55.320,
rummysweety,5,Server 5,10,805,55.220,
rummysweety,2,Server 2,10,204,52.816,
rummysweety,4,Server 4,12,675,53.100,
rupiyo,2,Server 2,10,1755,59.020,1
rupiyo,3,Server 3,10,1668,58.672,
rupiyo,7,Server 7,10,1585,58.340,
rupiyo,4,Server 4,10,1477,57.908,
rupiyo,11,Server 11,10,876,55.504,
rupiyo,5,Server 5,10,529,54.116,
rupiyo,8,Server 8,18.746,389,46.559,
samridhi,11,Server 11,10,1401,57.604,1
samridhi,3,Server 3,10,1091,56.364,
samridhi,5,Server 5,10,1013,56.052,
samridhi,2,Server 2,10,452,53.808,
samridhi,7,Server 7,10,142,52.568,
samridhi,4,Server 4,12,271,51.484,
shikhar,7,Server 7,10,1318,57.272,1
shikhar,2,Server 2,10,1010,56.040,
shikhar,4,Server 4,10,951,55.804,
shikhar,11,Server 11,10,586,54.344,
shikhar,3,Server 3,10,584,54.336,
shikhar,5,Server 5,12,579,52.716,
shopflo,5,Server 5,10,1749,58.996,1
shopflo,11,Server 11,10,1679,58.716,
shopflo,2,Server 2,10,1303,57.212,
shopflo,3,Server 3,10,1267,57.068,
shopflo,7,Server 7,10,1200,56.800,
shopflo,4,Server 4,12,1637,56.948,
signal,3,Server 3,10,1618,58.472,1
signal,2,Server 2,10,1381,57.524,
signal,11,Server 11,10,819,55.276,
signal,7,Server 7,10,273,53.092,
signal,5,Server 5,10,211,52.844,
signal,4,Server 4,12,1254,55.416,
signal,8,Server 8,122.808,20,20.080,
simple,7,Server 7,10,1396,57.584,1
simple,2,Server 2,10,1292,57.168,
simple,11,Server 11,10,1121,56.484,
simple,5,Server 5,10,789,55.156,
simple,3,Server 3,10,223,52.892,
simple,4,Server 4,12,1536,56.544,
slotwinner,3,Server 3,10,1586,58.344,1
slotwinner,7,Server 7,10,1563,58.252,
slotwinner,4,Server 4,10,1209,56.836,
slotwinner,11,Server 11,10,874,55.496,
slotwinner,2,Server 2,10,130,52.520,
slotwinner,5,Server 5,12,281,51.524,
smsindiahub,5,Server 5,10,1840,59.360,1
smsindiahub,2,Server 2,10,1015,56.060,
smsindiahub,11,Server 11,10,1013,56.052,
smsindiahub,3,Server 3,10,599,54.396,
smsindiahub,7,Server 7,10,540,54.160,
smsindiahub,4,Server 4,12,1945,58.180,
ubereat,3,Server 3,10,1743,58.972,1
ubereat,4,Server 4,10,796,55.184,
ubereat,2,Server 2,10,649,54.596,
ubereat,7,Server 7,10,419,53.676,
ubereat,11,Server 11,10,362,53.448,
ubereat,5,Server 5,12,620,52.880,
ultragame,5,Server 5,10,1358,57.432,1
ultragame,7,Server 7,10,1042,56.168,
ultragame,11,Server 11,10,805,55.220,
ultragame,3,Server 3,10,597,54.388,
ultragame,2,Server 2,10,378,53.512,
ultragame,4,Server 4,12,1370,55.880,
upstox,2,Server 2,10,1880,59.520,1
upstox,5,Server 5,10,1641,58.564,
upstox,3,Server 3,10,935,55.740,
upstox,7,Server 7,10,685,54.740,
upstox,11,Server 11,10,211,52.844,
upstox,4,Server 4,12,568,52.672,
upstox,8,Server 8,14.28,535,50.716,
urbanpro,3,Server 3,10,1955,59.820,1
urbanpro,11,Server 11,10,1239,56.956,
urbanpro,7,Server 7,10,624,54.496,
urbanpro,5,Server 5,10,277,53.108,
urbanpro,2,Server 2,10,109,52.436,
urbanpro,4,Server 4,12,1704,57.216,
gujarat,3,Server 3,10,1750,59.000,1
gujarat,2,Server 2,10,1325,57.300,
gujarat,11,Server 11,10,1306,57.224,
gujarat,7,Server 7,10,1091,56.364,
gujarat,5,Server 5,10,106,52.424,
gujarat,4,Server 4,12,961,54.244,
fire11,2,Server 2,10,1828,59.312,1
fire11,7,Server 7,10,968,55.872,
digitalindia,2,Server 2,10,1514,58.056,1
digitalindia,7,Server 7,10,1311,57.244,
digitalindia,11,Server 11,10,758,55.032,
digitalindia,3,Server 3,10,506,54.024,
digitalindia,5,Server 5,10,169,52.676,
digitalindia,4,Server 4,12,1411,56.044,
cockfight,2,Server 2,10,993,55.972,1
cockfight,7,Server 7,10,914,55.656,
kph,7,Server 7,10,1875,59.500,1
kph,2,Server 2,10,281,53.124,
asgame,7,Server 7,10,1245,56.980,1
asgame,2,Server 2,10,840,55.360,
p77,4,Server 4,10,1234,56.936,
p77,11,Server 11,10,1033,56.132,
p77,3,Server 3,10,760,55.040,
p77,2,Server 2,10,714,54.856,
p77,7,Server 7,10,184,52.736,
p77,5,Server 5,12,1842,57.768,1
digicredit,12,Server 12,7.7,1214,58.696,
digicredit,7,Server 7,10,1922,59.688,1
digicredit,5,Server 5,10,1632,58.528,
digicredit,11,Server 11,10,1096,56.384,
digicredit,3,Server 3,10,581,54.324,
digicredit,4,Server 4,10,224,52.896,
digicredit,2,Server 2,10,176,52.704,
rajasthanherbal,3,Server 3,10,1360,57.440,1
rajasthanherbal,2,Server 2,10,973,55.892,
rajasthanherbal,11,Server 11,10,916,55.664,
rajasthanherbal,4,Server 4,10,840,55.360,
rajasthanherbal,7,Server 7,10,678,54.712,
punjabking,2,Server 2,10,1508,58.032,1
punjabking,7,Server 7,10,815,55.260,
punjabking,4,Server 4,10,598,54.392,
punjabking,3,Server 3,10,273,53.092,
punjabking,11,Server 11,10,116,52.464,
punjabking,5,Server 5,12,132,50.928,
indianoil,7,Server 7,10,1975,59.900,1
indianoil,3,Server 3,10,1563,58.252,
indianoil,11,Server 11,10,1454,57.816,
indianoil,5,Server 5,10,1419,57.676,
indianoil,4,Server 4,10,878,55.512,
indianoil,2,Server 2,10,375,53.500,
indianoil,12,Server 12,12.3,1514,56.216,
indianoil,8,Server 8,21.42,1844,50.240,
teenpatineta,11,Server 11,10,1998,59.992,1
teenpatineta,7,Server 7,10,1909,59.636,
teenpatineta,2,Server 2,10,1121,56.484,
teenpatineta,3,Server 3,10,819,55.276,
teenpatineta,4,Server 4,12,796,53.584,
annalottery,7,Server 7,10,1629,58.516,1
annalottery,4,Server 4,10,975,55.900,
annalottery,11,Server 11,10,486,53.944,
annalottery,2,Server 2,10,181,52.724,
annalottery,3,Server 3,10,172,52.688,
meta,7,Server 7,10,1989,59.956,1
meta,2,Server 2,10,838,55.352,
kkr,2,Server 2,10,1530,58.120,1
kkr,7,Server 7,10,1451,57.804,
mantrimall,3,Server 3,10,1972,59.888,1
mantrimall,2,Server 2,10,1648,58.592,
mantrimall,11,Server 11,10,1342,57.368,
mantrimall,4,Server 4,10,1178,56.712,
mantrimall,7,Server 7,10,618,54.472,
mantrimall,5,Server 5,12,1759,57.436,
superj,11,Server 11,10,1227,56.908,1
superj,7,Server 7,10,1084,56.336,
superj,3,Server 3,10,804,55.216,
superj,2,Server 2,10,685,54.740,
superj,4,Server 4,12,729,53.316,
bharatgas,7,Server 7,10,1737,58.948,1
bharatgas,3,Server 3,10,1547,58.188,
bharatgas,4,Server 4,10,1153,56.612,
bharatgas,11,Server 11,10,847,55.388,
bharatgas,2,Server 2,10,136,52.544,
bharatgas,5,Server 5,12,396,51.984,
bharatgas,8,Server 8,14.28,124,49.072,
jaiho777,11,Server 11,10,1919,59.676,1
jaiho777,3,Server 3,10,1691,58.764,
jaiho777,7,Server 7,10,1072,56.288,
jaiho777,2,Server 2,10,491,53.964,
jaiho777,4,Server 4,12,544,52.576,
matka,7,Server 7,10,1153,56.612,1
matka,2,Server 2,10,622,54.488,
jar,2,Server 2,10,1331,57.324,1
jar,7,Server 7,10,1245,56.980,
jar,11,Server 11,10,1026,56.104,
jar,3,Server 3,10,897,55.588,
jar,4,Server 4,12,1673,57.092,
gosh,11,Server 11,10,1845,59.380,1
gosh,7,Server 7,10,1045,56.180,
gosh,3,Server 3,10,1009,56.036,
gosh,2,Server 2,10,365,53.460,
gosh,4,Server 4,12,891,53.964,
rnfi,11,Server 11,10,1980,59.920,1
rnfi,2,Server 2,10,1396,57.584,
rnfi,4,Server 4,10,1321,57.284,
rnfi,7,Server 7,10,999,55.996,
rnfi,3,Server 3,10,517,54.068,
rnfi,5,Server 5,12,1904,58.016,
epaisa,2,Server 2,10,1570,58.280,1
epaisa,7,Server 7,10,690,54.760,
allen,5,Server 5,10,1831,59.324,1
allen,7,Server 7,10,1306,57.224,
allen,11,Server 11,10,1177,56.708,
allen,2,Server 2,10,547,54.188,
allen,3,Server 3,10,175,52.700,
allen,4,Server 4,12,265,51.460,
paybet,7,Server 7,10,1441,57.764,1
paybet,2,Server 2,10,1187,56.748,
telegraph,12,Server 12,50,1713,26.852,1
cred,3,Server 3,10,1847,59.388,1
cred,7,Server 7,10,1450,57.800,
cred,2,Server 2,10,911,55.644,
cred,11,Server 11,10,456,53.824,
cred,4,Server 4,12,1626,56.904,
jiosavaan,7,Server 7,10,1164,56.656,1
jiosavaan,2,Server 2,10,272,53.088,
viralo,2,Server 2,10,1501,58.004,1
viralo,7,Server 7,10,664,54.656,
viralo,4,Server 4,10,648,54.592,
viralo,3,Server 3,10,324,53.296,
viralo,11,Server 11,10,214,52.856,
viralo,5,Server 5,12,779,53.516,
aws,7,Server 7,10,1799,59.196,1
aws,11,Server 11,10,1745,58.980,
aws,3,Server 3,10,1155,56.620,
aws,2,Server 2,10,986,55.944,
aws,4,Server 4,12,808,53.632,
tywin,7,Server 7,10,1786,59.144,1
tywin,2,Server 2,10,1369,57.476,
urbancompany,7,Server 7,10,1978,59.912,1
urbancompany,4,Server 4,10,1687,58.748,
urbancompany,2,Server 2,10,1177,56.708,
urbancompany,11,Server 11,10,1018,56.072,
urbancompany,3,Server 3,10,458,53.832,
worldlends,2,Server 2,10,1659,58.636,1
worldlends,7,Server 7,10,1316,57.264,
worldlends,5,Server 5,10,1169,56.676,
worldlends,11,Server 11,10,759,55.036,
worldlends,4,Server 4,10,200,52.800,
worldlends,3,Server 3,10,188,52.752,
abhibus,7,Server 7,10,1577,58.308,1
abhibus,2,Server 2,10,1470,57.880,
abhibus,11,Server 11,10,1123,56.492,
abhibus,3,Server 3,10,714,54.856,
abhibus,4,Server 4,12,115,50.860,
woweat,5,Server 5,10,1744,58.976,1
woweat,11,Server 11,10,1736,58.944,
woweat,7,Server 7,10,1432,57.728,
woweat,4,Server 4,10,1065,56.260,
woweat,2,Server 2,10,832,55.328,
woweat,3,Server 3,10,668,54.672,
toing,11,Server 11,10,1774,59.096,1
toing,4,Server 4,10,1519,58.076,
toing,5,Server 5,10,557,54.228,
toing,2,Server 2,10,527,54.108,
toing,7,Server 7,10,412,53.648,
toing,3,Server 3,10,113,52.452,
toing,8,Server 8,67.116,1785,27.140,
kalyanmatrimony,7,Server 7,10,1661,58.644,1
kalyanmatrimony,2,Server 2,10,113,52.452,
8jjbet,2,Server 2,10,1634,58.536,1
8jjbet,3,Server 3,10,1482,57.928,
8jjbet,4,Server 4,10,883,55.532,
8jjbet,11,Server 11,10,815,55.260,
8jjbet,7,Server 7,10,171,52.684,
kingfisher,3,Server 3,10,1915,59.660,1
kingfisher,4,Server 4,10,1765,59.060,
kingfisher,7,Server 7,10,1518,58.072,
kingfisher,11,Server 11,10,676,54.704,
kingfisher,2,Server 2,10,632,54.528,
astroyogi,5,Server 5,10,1806,59.224,1
astroyogi,11,Server 11,10,1703,58.812,
astroyogi,2,Server 2,10,1683,58.732,
astroyogi,3,Server 3,10,1640,58.560,
astroyogi,7,Server 7,10,812,55.248,
astroyogi,4,Server 4,10,731,54.924,
rewardx,7,Server 7,10,1876,59.504,1
rewardx,2,Server 2,10,865,55.460,
barbequenation,11,Server 11,10,1700,58.800,1
barbequenation,4,Server 4,10,1574,58.296,
barbequenation,7,Server 7,10,1514,58.056,
barbequenation,3,Server 3,10,1427,57.708,
barbequenation,5,Server 5,10,677,54.708,
barbequenation,2,Server 2,10,217,52.868,
friendshiphub,7,Server 7,10,1937,59.748,1
friendshiphub,11,Server 11,10,1805,59.220,
friendshiphub,4,Server 4,10,1118,56.472,
friendshiphub,2,Server 2,10,308,53.232,
friendshiphub,3,Server 3,10,152,52.608,
friendshiphub,5,Server 5,12,838,53.752,
goibibo,7,Server 7,10,1488,57.952,1
goibibo,2,Server 2,10,568,54.272,
goibibo,8,Server 8,71.4,639,22.556,
googlechat,7,Server 7,10,1315,57.260,1
googlechat,2,Server 2,10,795,55.180,
googlechat,8,Server 8,18.564,20,45.229,
growfitter,7,Server 7,10,1942,59.768,1
growfitter,2,Server 2,10,1610,58.440,
growfitter,3,Server 3,10,1493,57.972,
growfitter,4,Server 4,10,704,54.816,
growfitter,11,Server 11,10,315,53.260,
rummyloot,11,Server 11,10,1792,59.168,1
rummyloot,4,Server 4,10,1633,58.532,
rummyloot,2,Server 2,10,1470,57.880,
rummyloot,7,Server 7,10,1027,56.108,
rummyloot,5,Server 5,10,894,55.576,
rummyloot,3,Server 3,10,890,55.560,
truecaller,3,Server 3,10,1884,59.536,1
truecaller,7,Server 7,10,1766,59.064,
truecaller,11,Server 11,10,1146,56.584,
truecaller,4,Server 4,10,648,54.592,
truecaller,5,Server 5,10,476,53.904,
truecaller,2,Server 2,10,214,52.856,
truecaller,8,Server 8,11.424,20,50.941,
bajajfinance,11,Server 11,10,1998,59.992,1
bajajfinance,2,Server 2,10,1615,58.460,
bajajfinance,7,Server 7,10,1469,57.876,
bajajfinance,4,Server 4,10,1319,57.276,
bajajfinance,3,Server 3,10,1310,57.240,
digitinsurance,7,Server 7,10,1684,58.736,1
digitinsurance,2,Server 2,10,1453,57.812,
digitinsurance,3,Server 3,10,1278,57.112,
digitinsurance,11,Server 11,10,1032,56.128,
digitinsurance,4,Server 4,12,832,53.728,
digitinsurance,8,Server 8,13.566,358,50.579,
zaploan,7,Server 7,10,1507,58.028,1
zaploan,4,Server 4,10,824,55.296,
zaploan,5,Server 5,10,518,54.072,
zaploan,2,Server 2,10,476,53.904,
zaploan,3,Server 3,10,250,53.000,
licious,2,Server 2,10,1300,57.200,1
licious,11,Server 11,10,1196,56.784,
licious,7,Server 7,10,1170,56.680,
licious,8,Server 8,12.852,20,49.798,
upay,2,Server 2,10,1951,59.804,1
upay,11,Server 11,10,1399,57.596,
upay,3,Server 3,10,1221,56.884,
upay,4,Server 4,10,1209,56.836,
upay,7,Server 7,10,808,55.232,
upay,5,Server 5,12,1686,57.144,
upay,8,Server 8,15.708,1052,51.642,
unicefp2e,5,Server 5,10,1633,58.532,1
unicefp2e,3,Server 3,10,1318,57.272,
unicefp2e,2,Server 2,10,1066,56.264,
unicefp2e,11,Server 11,10,1016,56.064,
unicefp2e,7,Server 7,10,734,54.936,
unicefp2e,4,Server 4,10,367,53.468,
kfc,7,Server 7,10,1777,59.108,1
kfc,2,Server 2,10,1571,58.284,
kfc,8,Server 8,122.808,20,20.080,
onlineshop,2,Server 2,10,1926,59.704,1
onlineshop,7,Server 7,10,1588,58.352,
financebuddha,2,Server 2,10,1393,57.572,1
financebuddha,7,Server 7,10,1232,56.928,
financebuddha,11,Server 11,10,484,53.936,
financebuddha,5,Server 5,10,294,53.176,
4mmile,7,Server 7,10,1654,58.616,1
4mmile,2,Server 2,10,1362,57.448,
provilac,7,Server 7,10,1353,57.412,1
provilac,2,Server 2,10,154,52.616,
epaddy,2,Server 2,10,1215,56.860,1
epaddy,7,Server 7,10,447,53.788,
prorewards,3,Server 3,10,1858,59.432,1
prorewards,4,Server 4,10,1808,59.232,
prorewards,7,Server 7,10,1326,57.304,
prorewards,11,Server 11,10,1025,56.100,
prorewards,2,Server 2,10,395,53.580,
prorewards,5,Server 5,12,906,54.024,
mbet,2,Server 2,10,1794,59.176,1
mbet,3,Server 3,10,1740,58.960,
mbet,4,Server 4,10,1185,56.740,
mbet,11,Server 11,10,1050,56.200,
mbet,7,Server 7,10,407,53.628,
vfs,2,Server 2,10,1318,57.272,1
vfs,7,Server 7,10,678,54.712,
amway,3,Server 3,10,1869,59.476,1
amway,11,Server 11,10,1658,58.632,
amway,4,Server 4,10,1521,58.084,
amway,7,Server 7,10,623,54.492,
amway,2,Server 2,10,423,53.692,
amway,5,Server 5,12,1549,56.596,
drivebison,3,Server 3,10,1830,59.320,1
drivebison,7,Server 7,10,1745,58.980,
drivebison,4,Server 4,10,1712,58.848,
drivebison,2,Server 2,10,1681,58.724,
drivebison,11,Server 11,10,786,55.144,
drivebison,5,Server 5,10,192,52.768,
drivebison,8,Server 8,21.42,924,46.560,
phonepe,11,Server 11,10,1287,57.148,1
phonepe,12,Server 12,12,1461,56.244,
phonepe,3,Server 3,16,1856,54.624,
phonepe,5,Server 5,16,1608,53.632,
phonepe,7,Server 7,16,1450,53.000,
phonepe,4,Server 4,16,441,48.964,
phonepe,2,Server 2,16,433,48.932,
phonepe,8,Server 8,16.8,20,46.640,
rummyclubb,7,Server 7,10,1837,59.348,1
rummyclubb,11,Server 11,10,1412,57.648,
rummyclubb,5,Server 5,10,1023,56.092,
rummyclubb,3,Server 3,10,286,53.144,
rummyclubb,2,Server 2,10,177,52.708,
rummyclubb,4,Server 4,12,910,54.040,
zillybuy,7,Server 7,10,1401,57.604,1
zillybuy,4,Server 4,10,1268,57.072,
zillybuy,11,Server 11,10,1222,56.888,
zillybuy,3,Server 3,10,586,54.344,
zillybuy,2,Server 2,10,184,52.736,
zillybuy,5,Server 5,12,509,52.436,
okmm,3,Server 3,10,1858,59.432,1
okmm,2,Server 2,10,1764,59.056,
okmm,7,Server 7,10,1549,58.196,
okmm,11,Server 11,10,794,55.176,
okmm,4,Server 4,12,1258,55.432,
quicker,2,Server 2,10,1542,58.168,1
quicker,7,Server 7,10,996,55.984,
quicker,3,Server 3,10,953,55.812,
quicker,11,Server 11,10,769,55.076,
quicker,4,Server 4,12,542,52.568,
bistro,4,Server 4,10,1967,59.868,1
bistro,11,Server 11,10,1826,59.304,
bistro,3,Server 3,10,1767,59.068,
bistro,7,Server 7,10,1746,58.984,
bistro,2,Server 2,10,1734,58.936,
bistro,5,Server 5,12,1834,57.736,
xipl,7,Server 7,10,1871,59.484,1
xipl,3,Server 3,10,1853,59.412,
xipl,11,Server 11,10,1751,59.004,
xipl,2,Server 2,10,1183,56.732,
xipl,4,Server 4,10,761,55.044,
app20,7,Server 7,10,1951,59.804,1
app20,4,Server 4,10,1114,56.456,
app20,3,Server 3,10,525,54.100,
app20,2,Server 2,10,494,53.976,
app20,11,Server 11,10,337,53.348,
app20,5,Server 5,12,1550,56.600,
krishvi,3,Server 3,10,1879,59.516,1
krishvi,2,Server 2,10,1747,58.988,
krishvi,4,Server 4,10,1156,56.624,
krishvi,11,Server 11,10,595,54.380,
krishvi,7,Server 7,10,438,53.752,
indubt,11,Server 11,10,1644,58.576,1
indubt,2,Server 2,10,1425,57.700,
indubt,7,Server 7,10,1269,57.076,
indubt,5,Server 5,10,561,54.244,
indubt,3,Server 3,10,434,53.736,
indubt,4,Server 4,10,129,52.516,
sigmlt,2,Server 2,10,1407,57.628,1
sigmlt,3,Server 3,10,1349,57.396,
sigmlt,11,Server 11,10,1140,56.560,
sigmlt,4,Server 4,10,532,54.128,
sigmlt,7,Server 7,10,371,53.484,
zingoy,4,Server 4,10,1564,58.256,1
zingoy,2,Server 2,10,1118,56.472,
zingoy,3,Server 3,10,1066,56.264,
zingoy,7,Server 7,10,1050,56.200,
zingoy,5,Server 5,10,631,54.524,
zingoy,11,Server 11,10,375,53.500,
rrp,11,Server 11,8,312,54.848,
rrp,2,Server 2,10,1977,59.908,1
rrp,3,Server 3,10,1544,58.176,
rrp,4,Server 4,10,831,55.324,
rrp,7,Server 7,10,717,54.868,
rrp,5,Server 5,10,493,53.972,
rxpay,7,Server 7,10,1797,59.188,1
rxpay,3,Server 3,10,1425,57.700,
rxpay,5,Server 5,10,1200,56.800,
rxpay,11,Server 11,10,960,55.840,
rxpay,4,Server 4,10,814,55.256,
rxpay,2,Server 2,10,318,53.272,
jeet,5,Server 5,10,1978,59.912,1
jeet,2,Server 2,10,1569,58.276,
jeet,11,Server 11,10,1395,57.580,
jeet,4,Server 4,10,1286,57.144,
jeet,7,Server 7,10,1167,56.668,
jeet,3,Server 3,10,863,55.452,
ubgtl,7,Server 7,10,1989,59.956,1
ubgtl,5,Server 5,10,1873,59.492,
ubgtl,2,Server 2,10,1506,58.024,
ubgtl,11,Server 11,10,1031,56.124,
ubgtl,3,Server 3,10,593,54.372,
ubgtl,4,Server 4,10,484,53.936,
ownly,3,Server 3,10,1588,58.352,1
ownly,4,Server 4,10,1373,57.492,
ownly,2,Server 2,10,1351,57.404,
ownly,7,Server 7,10,1202,56.808,
ownly,11,Server 11,10,421,53.684,
ownly,5,Server 5,10,255,53.020,
ercs,7,Server 7,10,1550,58.200,1
ercs,3,Server 3,10,1074,56.296,
ercs,2,Server 2,10,1053,56.212,
ercs,4,Server 4,10,777,55.108,
ercs,11,Server 11,10,395,53.580,
ercs,5,Server 5,10,305,53.220,
kalyanjewellers,11,Server 11,10,1983,59.932,1
kalyanjewellers,3,Server 3,10,1409,57.636,
kalyanjewellers,5,Server 5,10,1262,57.048,
kalyanjewellers,4,Server 4,10,1047,56.188,
kalyanjewellers,7,Server 7,10,701,54.804,
kalyanjewellers,2,Server 2,10,492,53.968,
timepecash,11,Server 11,10,1377,57.508,1
timepecash,7,Server 7,10,1305,57.220,
timepecash,3,Server 3,10,1080,56.320,
timepecash,4,Server 4,10,937,55.748,
timepecash,2,Server 2,10,792,55.168,
timepecash,5,Server 5,10,459,53.836,
spin99,7,Server 7,10,1333,57.332,1
spin99,4,Server 4,10,1233,56.932,
spin99,2,Server 2,10,865,55.460,
spin99,3,Server 3,10,219,52.876,
spin99,11,Server 11,10,177,52.708,
spin99,5,Server 5,12,1066,54.664,
herbalife,7,Server 7,10,1874,59.496,1
herbalife,11,Server 11,10,956,55.824,
herbalife,4,Server 4,10,756,55.024,
herbalife,3,Server 3,10,604,54.416,
herbalife,2,Server 2,10,301,53.204,
herbalife,5,Server 5,10,112,52.448,
gosats,3,Server 3,10,1977,59.908,1
gosats,7,Server 7,10,1865,59.460,
gosats,5,Server 5,10,1197,56.788,
gosats,11,Server 11,10,988,55.952,
gosats,4,Server 4,10,251,53.004,
gosats,2,Server 2,10,106,52.424,
4sideplay,11,Server 11,10,1809,59.236,1
4sideplay,5,Server 5,10,1291,57.164,
4sideplay,2,Server 2,10,1051,56.204,
4sideplay,4,Server 4,10,892,55.568,
4sideplay,7,Server 7,10,319,53.276,
4sideplay,3,Server 3,10,170,52.680,
pbks,3,Server 3,10,1863,59.452,1
pbks,2,Server 2,10,1782,59.128,
pbks,4,Server 4,10,1421,57.684,
pbks,7,Server 7,10,539,54.156,
pbks,11,Server 11,10,389,53.556,
pbks,5,Server 5,12,1085,54.740,
youth,5,Server 5,10,1781,59.124,1
youth,2,Server 2,10,1596,58.384,
youth,11,Server 11,10,1393,57.572,
youth,4,Server 4,10,1066,56.264,
youth,3,Server 3,10,819,55.276,
youth,7,Server 7,10,289,53.156,
playzhub,11,Server 11,10,1819,59.276,1
playzhub,3,Server 3,10,1778,59.112,
playzhub,7,Server 7,10,1691,58.764,
playzhub,4,Server 4,10,909,55.636,
playzhub,5,Server 5,10,684,54.736,
playzhub,2,Server 2,10,328,53.312,
epl,7,Server 7,10,1974,59.896,1
epl,4,Server 4,10,1598,58.392,
epl,3,Server 3,10,1544,58.176,
epl,5,Server 5,10,1420,57.680,
epl,11,Server 11,10,1320,57.280,
epl,2,Server 2,10,949,55.796,
galle,4,Server 4,10,1796,59.184,1
galle,3,Server 3,10,1694,58.776,
galle,7,Server 7,10,1615,58.460,
galle,5,Server 5,10,1262,57.048,
galle,2,Server 2,10,646,54.584,
galle,11,Server 11,10,311,53.244,
iocl,2,Server 2,10,1793,59.172,1
iocl,5,Server 5,10,1434,57.736,
iocl,4,Server 4,10,1431,57.724,
iocl,3,Server 3,10,827,55.308,
iocl,7,Server 7,10,227,52.908,
iocl,11,Server 11,10,166,52.664,
chillar,4,Server 4,10,1607,58.428,1
chillar,11,Server 11,10,1454,57.816,
chillar,3,Server 3,10,1292,57.168,
chillar,2,Server 2,10,1176,56.704,
chillar,5,Server 5,10,1134,56.536,
moneyhi,3,Server 3,10,1469,57.876,1
moneyhi,4,Server 4,10,1037,56.148,
moneyhi,7,Server 7,10,730,54.920,
moneyhi,11,Server 11,10,655,54.620,
moneyhi,2,Server 2,10,141,52.564,
moneyhi,5,Server 5,12,1777,57.508,
cashdaily,7,Server 7,10,1499,57.996,1
cashdaily,3,Server 3,10,1014,56.056,
cashdaily,2,Server 2,10,784,55.136,
cashdaily,5,Server 5,10,493,53.972,
cashdaily,4,Server 4,10,267,53.068,
cashdaily,11,Server 11,10,102,52.408,
bgil,2,Server 2,10,1899,59.596,1
bgil,5,Server 5,10,1595,58.380,
bgil,4,Server 4,10,535,54.140,
bgil,11,Server 11,10,524,54.096,
bgil,3,Server 3,10,184,52.736,
magicbricks,8,Server 8,9.282,20,52.654,
magicbricks,2,Server 2,10,1750,59.000,1
magicbricks,5,Server 5,10,1383,57.532,
magicbricks,11,Server 11,10,1352,57.408,
magicbricks,3,Server 3,10,1041,56.164,
magicbricks,4,Server 4,10,497,53.988,
magicbricks,7,Server 7,10,425,53.700,
ww5,5,Server 5,10,1221,56.884,1
ww5,4,Server 4,10,1130,56.520,
ww5,3,Server 3,10,938,55.752,
ww5,11,Server 11,10,903,55.612,
ww5,2,Server 2,10,519,54.076,
ww5,7,Server 7,10,470,53.880,
jigri,5,Server 5,10,1731,58.924,1
jigri,3,Server 3,10,1621,58.484,
jigri,2,Server 2,10,1157,56.628,
jigri,11,Server 11,10,963,55.852,
jigri,7,Server 7,10,797,55.188,
jigri,4,Server 4,10,328,53.312,
savesage,11,Server 11,10,1246,56.984,1
savesage,2,Server 2,10,981,55.924,
savesage,4,Server 4,10,974,55.896,
savesage,3,Server 3,10,962,55.848,
savesage,7,Server 7,10,855,55.420,
savesage,5,Server 5,12,310,51.640,
akashinstitute,11,Server 11,10,1865,59.460,1
akashinstitute,7,Server 7,10,1425,57.700,
akashinstitute,2,Server 2,10,1371,57.484,
akashinstitute,5,Server 5,10,1177,56.708,
akashinstitute,3,Server 3,10,883,55.532,
akashinstitute,4,Server 4,10,185,52.740,
muthoot,5,Server 5,10,1815,59.260,1
muthoot,3,Server 3,10,1654,58.616,
muthoot,4,Server 4,10,1649,58.596,
muthoot,7,Server 7,10,1481,57.924,
muthoot,2,Server 2,10,256,53.024,
muthoot,11,Server 11,10,253,53.012,
fcpay,2,Server 2,10,1782,59.128,1
fcpay,11,Server 11,10,1780,59.120,
fcpay,4,Server 4,10,1528,58.112,
fcpay,7,Server 7,10,1518,58.072,
fcpay,3,Server 3,10,415,53.660,
fcpay,5,Server 5,12,1387,55.948,
boom79,4,Server 4,10,1171,56.684,1
boom79,7,Server 7,10,977,55.908,
boom79,11,Server 11,10,524,54.096,
boom79,5,Server 5,10,306,53.224,
boom79,2,Server 2,10,229,52.916,
boom79,3,Server 3,10,168,52.672,
test91,11,Server 11,10,1715,58.860,1
test91,2,Server 2,10,1152,56.608,
test91,7,Server 7,10,904,55.616,
test91,4,Server 4,10,675,54.700,
test91,3,Server 3,10,101,52.404,
test91,5,Server 5,12,931,54.124,
newvt,5,Server 5,10,1988,59.952,1
newvt,4,Server 4,10,1243,56.972,
newvt,11,Server 11,10,1119,56.476,
newvt,2,Server 2,10,1002,56.008,
newvt,7,Server 7,10,939,55.756,
newvt,3,Server 3,10,647,54.588,
hotya,3,Server 3,10,1860,59.440,1
hotya,5,Server 5,10,1410,57.640,
hotya,11,Server 11,10,1318,57.272,
hotya,4,Server 4,10,1286,57.144,
hotya,7,Server 7,10,724,54.896,
hotya,2,Server 2,10,130,52.520,
teenpattirush,3,Server 3,10,1399,57.596,1
teenpattirush,11,Server 11,10,1157,56.628,
teenpattirush,4,Server 4,10,554,54.216,
teenpattirush,2,Server 2,10,338,53.352,
teenpattirush,7,Server 7,10,301,53.204,
teenpattirush,5,Server 5,10,295,53.180,
yatharthgeeta,11,Server 11,10,1965,59.860,1
yatharthgeeta,5,Server 5,10,1940,59.760,
yatharthgeeta,4,Server 4,10,897,55.588,
yatharthgeeta,3,Server 3,10,426,53.704,
yatharthgeeta,7,Server 7,10,288,53.152,
yatharthgeeta,2,Server 2,10,247,52.988,
pw,11,Server 11,10,1575,58.300,1
pw,7,Server 7,10,1104,56.416,
pw,4,Server 4,10,997,55.988,
pw,3,Server 3,10,965,55.860,
pw,2,Server 2,10,304,53.216,
pw,5,Server 5,12,1615,56.860,
californiaburrito,2,Server 2,10,1685,58.740,1
californiaburrito,4,Server 4,10,1607,58.428,
californiaburrito,11,Server 11,10,1587,58.348,
californiaburrito,3,Server 3,10,1465,57.860,
californiaburrito,5,Server 5,10,1178,56.712,
californiaburrito,7,Server 7,10,642,54.568,
rummynoble,4,Server 4,10,1353,57.412,1
rummynoble,5,Server 5,10,824,55.296,
rummynoble,7,Server 7,10,473,53.892,
rummynoble,11,Server 11,10,236,52.944,
rummynoble,2,Server 2,10,173,52.692,
rummynoble,3,Server 3,10,153,52.612,
redrob,7,Server 7,10,787,55.148,1
redrob,4,Server 4,10,421,53.684,
redrob,11,Server 11,10,359,53.436,
redrob,3,Server 3,10,352,53.408,
redrob,2,Server 2,10,141,52.564,
redrob,5,Server 5,12,941,54.164,
rummyleader,7,Server 7,10,1942,59.768,1
rummyleader,2,Server 2,10,1913,59.652,
rummyleader,5,Server 5,10,1843,59.372,
rummyleader,4,Server 4,10,1538,58.152,
rummyleader,11,Server 11,10,909,55.636,
rummyleader,3,Server 3,10,498,53.992,
flot,2,Server 2,10,1779,59.116,1
flot,5,Server 5,10,1597,58.388,
flot,7,Server 7,10,1542,58.168,
flot,11,Server 11,10,826,55.304,
flot,4,Server 4,10,490,53.960,
flot,3,Server 3,10,434,53.736,
flot,8,Server 8,13.216,565,51.687,
jaihospin,4,Server 4,10,1182,56.728,1
jaihospin,11,Server 11,10,1077,56.308,
jaihospin,5,Server 5,10,923,55.692,
jaihospin,3,Server 3,10,721,54.884,
jaihospin,7,Server 7,10,644,54.576,
jaihospin,2,Server 2,10,554,54.216,
rupibt,11,Server 11,10,1736,58.944,1
rupibt,3,Server 3,10,1497,57.988,
rupibt,4,Server 4,10,1486,57.944,
rupibt,2,Server 2,10,893,55.572,
rupibt,5,Server 5,10,606,54.424,
rupibt,7,Server 7,10,118,52.472,
hdfcergo,11,Server 11,10,1150,56.600,1
hdfcergo,3,Server 3,10,767,55.068,
hdfcergo,5,Server 5,10,711,54.844,
hdfcergo,7,Server 7,10,532,54.128,
hdfcergo,4,Server 4,10,422,53.688,
hdfcergo,2,Server 2,10,368,53.472,
salarysetu,7,Server 7,10,1926,59.704,1
salarysetu,4,Server 4,10,1575,58.300,
salarysetu,3,Server 3,10,1075,56.300,
salarysetu,11,Server 11,10,888,55.552,
salarysetu,2,Server 2,10,448,53.792,
salarysetu,5,Server 5,12,1797,57.588,
luci,4,Server 4,10,1611,58.444,1
luci,2,Server 2,10,1329,57.316,
luci,7,Server 7,10,780,55.120,
luci,11,Server 11,10,354,53.416,
luci,3,Server 3,10,101,52.404,
luci,5,Server 5,12,1863,57.852,
opinionbureo,2,Server 2,10,1844,59.376,1
opinionbureo,11,Server 11,10,1765,59.060,
opinionbureo,3,Server 3,10,1659,58.636,
opinionbureo,7,Server 7,10,978,55.912,
opinionbureo,4,Server 4,10,898,55.592,
opinionbureo,5,Server 5,12,775,53.500,
goldsbet,7,Server 7,10,1897,59.588,1
goldsbet,4,Server 4,10,1732,58.928,
goldsbet,5,Server 5,10,1672,58.688,
goldsbet,11,Server 11,10,756,55.024,
goldsbet,3,Server 3,10,700,54.800,
goldsbet,2,Server 2,10,360,53.440,
goldsbet,8,Server 8,10.836,578,53.643,
croma,2,Server 2,10,1911,59.644,1
croma,11,Server 11,10,1636,58.544,
croma,3,Server 3,10,1633,58.532,
croma,7,Server 7,10,1484,57.936,
croma,4,Server 4,10,1371,57.484,
croma,5,Server 5,10,1098,56.392,
starzbet,2,Server 2,10,1855,59.420,1
starzbet,3,Server 3,10,1562,58.248,
starzbet,7,Server 7,10,1521,58.084,
starzbet,11,Server 11,10,1117,56.468,
starzbet,4,Server 4,10,359,53.436,
starzbet,5,Server 5,12,353,51.812,
indwin,7,Server 7,10,1556,58.224,1
indwin,3,Server 3,10,1272,57.088,
indwin,5,Server 5,10,1143,56.572,
indwin,2,Server 2,10,1064,56.256,
indwin,11,Server 11,10,758,55.032,
indwin,4,Server 4,10,703,54.812,
pvr,12,Server 12,9,1052,57.008,
pvr,2,Server 2,10,1963,59.852,1
pvr,11,Server 11,10,1681,58.724,
pvr,7,Server 7,10,1539,58.156,
pvr,4,Server 4,10,1048,56.192,
pvr,3,Server 3,10,867,55.468,
pvr,5,Server 5,12,455,52.220,
taurus,2,Server 2,10,1607,58.428,1
taurus,3,Server 3,10,1211,56.844,
taurus,5,Server 5,10,727,54.908,
taurus,11,Server 11,10,622,54.488,
taurus,4,Server 4,10,575,54.300,
taurus,7,Server 7,10,311,53.244,
taurus,8,Server 8,11.144,20,51.165,
walter,3,Server 3,10,1797,59.188,1
walter,7,Server 7,10,1077,56.308,
walter,11,Server 11,10,1027,56.108,
walter,5,Server 5,10,1009,56.036,
walter,2,Server 2,10,755,55.020,
walter,4,Server 4,10,171,52.684,
citymall,8,Server 8,5.572,504,57.558,
citymall,4,Server 4,10,1376,57.504,
citymall,7,Server 7,10,900,55.600,
citymall,3,Server 3,10,800,55.200,
citymall,11,Server 11,10,468,53.872,
citymall,2,Server 2,10,119,52.476,
citymall,5,Server 5,12,1900,58.000,1
gamerji,11,Server 11,10,1809,59.236,1
gamerji,2,Server 2,10,1050,56.200,
gamerji,7,Server 7,10,806,55.224,
gamerji,3,Server 3,10,444,53.776,
gamerji,4,Server 4,10,286,53.144,
gamerji,5,Server 5,10,251,53.004,
hoora,5,Server 5,10,1951,59.804,1
hoora,11,Server 11,10,1860,59.440,
hoora,7,Server 7,10,1739,58.956,
hoora,3,Server 3,10,1470,57.880,
hoora,4,Server 4,10,1268,57.072,
hoora,2,Server 2,10,508,54.032,
trutzee,5,Server 5,7.2,1187,58.988,1
trutzee,2,Server 2,10,1541,58.164,
trutzee,3,Server 3,10,1272,57.088,
trutzee,11,Server 11,10,834,55.336,
trutzee,4,Server 4,10,704,54.816,
trutzee,7,Server 7,10,424,53.696,
d2game,11,Server 11,10,1715,58.860,1
d2game,2,Server 2,10,1482,57.928,
d2game,5,Server 5,10,1357,57.428,
d2game,3,Server 3,10,1259,57.036,
d2game,4,Server 4,10,1256,57.024,
d2game,7,Server 7,10,742,54.968,
ticktac,11,Server 11,10,1322,57.288,1
ticktac,2,Server 2,10,1155,56.620,
ticktac,3,Server 3,10,429,53.716,
ticktac,4,Server 4,10,239,52.956,
ticktac,7,Server 7,10,163,52.652,
ticktac,5,Server 5,12,914,54.056,
kukutv,11,Server 11,10,1982,59.928,1
kukutv,5,Server 5,10,1961,59.844,
kukutv,7,Server 7,10,1513,58.052,
kukutv,4,Server 4,10,1155,56.620,
kukutv,2,Server 2,10,907,55.628,
kukutv,3,Server 3,10,669,54.676,
kukutv,8,Server 8,15.708,1530,53.554,
sajjalcash,3,Server 3,7.2,440,56.000,
sajjalcash,11,Server 11,10,1491,57.964,1
sajjalcash,7,Server 7,10,1257,57.028,
sajjalcash,2,Server 2,10,203,52.812,
1xgame,4,Server 4,10,1887,59.548,1
1xgame,7,Server 7,10,1592,58.368,
1xgame,2,Server 2,10,1033,56.132,
1xgame,3,Server 3,10,261,53.044,
1xgame,11,Server 11,10,254,53.016,
jeetfix,11,Server 11,10,1930,59.720,1
jeetfix,3,Server 3,10,1620,58.480,
jeetfix,7,Server 7,10,1601,58.404,
jeetfix,5,Server 5,10,1461,57.844,
jeetfix,4,Server 4,10,1163,56.652,
jeetfix,2,Server 2,10,1151,56.604,
parimatch,4,Server 4,10,1781,59.124,1
parimatch,11,Server 11,10,1715,58.860,
parimatch,5,Server 5,10,1079,56.316,
parimatch,7,Server 7,10,877,55.508,
parimatch,2,Server 2,10,410,53.640,
parimatch,3,Server 3,10,220,52.880,
parimatch,8,Server 8,12.852,20,49.798,
foxmotors,11,Server 11,10,1765,59.060,1
foxmotors,7,Server 7,10,1642,58.568,
foxmotors,2,Server 2,10,1635,58.540,
foxmotors,3,Server 3,10,872,55.488,
foxmotors,4,Server 4,10,422,53.688,
foxmotors,5,Server 5,12,1951,58.204,
bbjili,7,Server 7,10,1933,59.732,1
bbjili,11,Server 11,10,1212,56.848,
bbjili,3,Server 3,10,1154,56.616,
bbjili,5,Server 5,10,965,55.860,
bbjili,4,Server 4,10,335,53.340,
bbjili,2,Server 2,10,318,53.272,
kirlo,4,Server 4,10,1909,59.636,1
kirlo,2,Server 2,10,1796,59.184,
kirlo,11,Server 11,10,1411,57.644,
kirlo,7,Server 7,10,881,55.524,
kirlo,3,Server 3,10,238,52.952,
kirlo,5,Server 5,12,1883,57.932,
saudiaairline,5,Server 5,10,1540,58.160,1
saudiaairline,2,Server 2,10,864,55.456,
saudiaairline,4,Server 4,10,690,54.760,
saudiaairline,7,Server 7,10,611,54.444,
saudiaairline,3,Server 3,10,502,54.008,
saudiaairline,11,Server 11,10,457,53.828,
101z11,3,Server 3,10,1261,57.044,1
101z11,7,Server 7,10,885,55.540,
101z11,4,Server 4,10,598,54.392,
101z11,11,Server 11,10,572,54.288,
101z11,2,Server 2,10,165,52.660,
101z11,5,Server 5,12,409,52.036,
8spinwinner,3,Server 3,10,1813,59.252,1
8spinwinner,7,Server 7,10,1741,58.964,
8spinwinner,11,Server 11,10,1406,57.624,
8spinwinner,2,Server 2,10,1196,56.784,
8spinwinner,4,Server 4,10,383,53.532,
8spinwinner,5,Server 5,12,1257,55.428,
game11,4,Server 4,10,1971,59.884,1
game11,3,Server 3,10,1697,58.788,
game11,2,Server 2,10,1585,58.340,
game11,11,Server 11,10,1547,58.188,
game11,7,Server 7,10,601,54.404,
game11,5,Server 5,12,313,51.652,
mantricenter,11,Server 11,10,1962,59.848,1
mantricenter,2,Server 2,10,1936,59.744,
mantricenter,3,Server 3,10,1508,58.032,
mantricenter,7,Server 7,10,272,53.088,
mantricenter,4,Server 4,10,117,52.468,
mantricenter,5,Server 5,12,289,51.556,
wowtv,3,Server 3,10,1934,59.736,1
wowtv,5,Server 5,10,1864,59.456,
wowtv,2,Server 2,10,1261,57.044,
wowtv,11,Server 11,10,1183,56.732,
wowtv,4,Server 4,10,546,54.184,
wowtv,7,Server 7,10,119,52.476,
jugnoo,4,Server 4,10,1977,59.908,1
jugnoo,11,Server 11,10,1592,58.368,
jugnoo,7,Server 7,10,1034,56.136,
jugnoo,2,Server 2,10,680,54.720,
jugnoo,3,Server 3,10,271,53.084,
jugnoo,5,Server 5,12,1377,55.908,
arb,2,Server 2,10,1660,58.640,1
arb,5,Server 5,10,1289,57.156,
arb,11,Server 11,10,1010,56.040,
arb,4,Server 4,10,809,55.236,
arb,3,Server 3,10,750,55.000,
arb,7,Server 7,10,470,53.880,
x89,3,Server 3,10,1919,59.676,1
x89,11,Server 11,10,1650,58.600,
x89,4,Server 4,10,1315,57.260,
x89,7,Server 7,10,864,55.456,
x89,2,Server 2,10,633,54.532,
x89,5,Server 5,12,391,51.964,
viewpoint,4,Server 4,10,1981,59.924,1
viewpoint,7,Server 7,10,1974,59.896,
viewpoint,11,Server 11,10,1942,59.768,
viewpoint,2,Server 2,10,1306,57.224,
viewpoint,5,Server 5,10,767,55.068,
viewpoint,3,Server 3,10,647,54.588,
greenedge,3,Server 3,10,1626,58.504,1
greenedge,4,Server 4,10,1425,57.700,
greenedge,2,Server 2,10,1097,56.388,
greenedge,7,Server 7,10,913,55.652,
greenedge,11,Server 11,10,779,55.116,
greenedge,5,Server 5,12,1882,57.928,
kohinoor,7,Server 7,10,1650,58.600,1
kohinoor,4,Server 4,10,1554,58.216,
kohinoor,3,Server 3,10,1497,57.988,
kohinoor,11,Server 11,10,1143,56.572,
kohinoor,2,Server 2,10,205,52.820,
kohinoor,5,Server 5,12,844,53.776,
yaarwin,2,Server 2,10,1989,59.956,1
yaarwin,3,Server 3,10,1913,59.652,
yaarwin,4,Server 4,10,1774,59.096,
yaarwin,11,Server 11,10,978,55.912,
yaarwin,7,Server 7,10,729,54.916,
yaarwin,5,Server 5,12,243,51.372,
wealthnobel,11,Server 11,10,1908,59.632,1
wealthnobel,3,Server 3,10,1697,58.788,
wealthnobel,7,Server 7,10,1630,58.520,
wealthnobel,2,Server 2,10,626,54.504,
wealthnobel,4,Server 4,10,567,54.268,
wealthnobel,5,Server 5,12,1249,55.396,
shadowfax,2,Server 2,10,1945,59.780,1
shadowfax,11,Server 11,10,1383,57.532,
shadowfax,4,Server 4,10,730,54.920,
shadowfax,7,Server 7,10,244,52.976,
shadowfax,3,Server 3,10,157,52.628,
shadowfax,5,Server 5,12,319,51.676,
test66,4,Server 4,10,1837,59.348,1
test66,7,Server 7,10,1820,59.280,
test66,11,Server 11,10,1110,56.440,
test66,3,Server 3,10,979,55.916,
test66,2,Server 2,10,870,55.480,
test66,5,Server 5,12,701,53.204,
teenpatticash,3,Server 3,10,1493,57.972,1
teenpatticash,11,Server 11,10,1167,56.668,
teenpatticash,7,Server 7,10,799,55.196,
teenpatticash,2,Server 2,10,304,53.216,
game12,11,Server 11,10,1444,57.776,1
game12,2,Server 2,10,826,55.304,
game12,7,Server 7,10,772,55.088,
game12,3,Server 3,10,616,54.464,
sayacare,7,Server 7,10,1574,58.296,1
sayacare,2,Server 2,10,991,55.964,
sayacare,3,Server 3,10,632,54.528,
sayacare,11,Server 11,10,325,53.300,
mahatma,7,Server 7,10,1715,58.860,1
mahatma,11,Server 11,10,1466,57.864,
mahatma,3,Server 3,10,1332,57.328,
mahatma,2,Server 2,10,338,53.352,
bingo,7,Server 7,10,1979,59.916,1
bingo,11,Server 11,10,1360,57.440,
bingo,2,Server 2,10,754,55.016,
bingo,3,Server 3,10,433,53.732,
bingo,4,Server 4,10,247,52.988,
bingo,5,Server 5,12,1013,54.452,
spincasino,11,Server 11,10,1918,59.672,1
spincasino,7,Server 7,10,1654,58.616,
spincasino,2,Server 2,10,872,55.488,
spincasino,3,Server 3,10,594,54.376,
earn3x,4,Server 4,10,1666,58.664,1
earn3x,7,Server 7,10,980,55.920,
earn3x,2,Server 2,10,883,55.532,
earn3x,11,Server 11,10,474,53.896,
earn3x,3,Server 3,10,463,53.852,
earn3x,5,Server 5,12,881,53.924,
joshjobs,11,Server 11,10,1974,59.896,1
joshjobs,2,Server 2,10,1825,59.300,
joshjobs,4,Server 4,10,1509,58.036,
joshjobs,3,Server 3,10,1505,58.020,
joshjobs,7,Server 7,10,236,52.944,
joshjobs,5,Server 5,12,1264,55.456,
digitalliteracy,4,Server 4,10,1806,59.224,1
digitalliteracy,2,Server 2,10,1558,58.232,
digitalliteracy,7,Server 7,10,558,54.232,
digitalliteracy,11,Server 11,10,347,53.388,
digitalliteracy,3,Server 3,10,122,52.488,
digitalliteracy,5,Server 5,12,1464,56.256,
stockgro,5,Server 5,10,1116,56.464,1
stockgro,4,Server 4,10,1060,56.240,
stockgro,11,Server 11,10,772,55.088,
stockgro,3,Server 3,10,423,53.692,
stockgro,2,Server 2,10,394,53.576,
stockgro,7,Server 7,10,359,53.436,
xoxoday,2,Server 2,10,1933,59.732,1
xoxoday,3,Server 3,10,1844,59.376,
xoxoday,7,Server 7,10,1089,56.356,
xoxoday,4,Server 4,10,943,55.772,
xoxoday,11,Server 11,10,253,53.012,
xoxoday,5,Server 5,12,911,54.044,
yamaha,11,Server 11,10,1858,59.432,1
yamaha,3,Server 3,10,1424,57.696,
yamaha,4,Server 4,10,1288,57.152,
yamaha,7,Server 7,10,245,52.980,
yamaha,2,Server 2,10,185,52.740,
yamaha,5,Server 5,12,1665,57.060,
rupay,7,Server 7,10,1854,59.416,1
rupay,11,Server 11,10,929,55.716,
rupay,2,Server 2,10,608,54.432,
rupay,5,Server 5,10,513,54.052,
rupay,3,Server 3,10,271,53.084,
quizearnmoney,5,Server 5,10,1320,57.280,1
quizearnmoney,2,Server 2,10,1271,57.084,
quizearnmoney,7,Server 7,10,646,54.584,
quizearnmoney,3,Server 3,10,388,53.552,
quizearnmoney,11,Server 11,10,315,53.260,
quizearnmoney,4,Server 4,10,292,53.168,
hpleauge,2,Server 2,10,1801,59.204,1
hpleauge,11,Server 11,10,1211,56.844,
hpleauge,3,Server 3,10,1002,56.008,
hpleauge,7,Server 7,10,774,55.096,
hpleauge,5,Server 5,12,1502,56.408,
iplfun,11,Server 11,10,1940,59.760,1
iplfun,3,Server 3,10,1914,59.656,
iplfun,2,Server 2,10,1884,59.536,
iplfun,7,Server 7,10,1143,56.572,
iplfun,5,Server 5,12,412,52.048,
mobiworkx,7,Server 7,10,1964,59.856,1
mobiworkx,2,Server 2,10,1904,59.616,
mobiworkx,3,Server 3,10,1433,57.732,
mobiworkx,4,Server 4,10,946,55.784,
mobiworkx,11,Server 11,10,801,55.204,
slikk,2,Server 2,10,1986,59.944,1
slikk,7,Server 7,10,1026,56.104,
slikk,11,Server 11,10,694,54.776,
slikk,3,Server 3,10,250,53.000,
slikk,5,Server 5,12,1654,57.016,
jiomartold,7,Server 7,10,1153,56.612,1
jiomartold,2,Server 2,10,840,55.360,
jiomartold,5,Server 5,12,895,53.980,
cursor,2,Server 2,10,1869,59.476,1
cursor,5,Server 5,10,938,55.752,
cursor,7,Server 7,10,839,55.356,
cursor,3,Server 3,10,488,53.952,
cursor,11,Server 11,10,164,52.656,
ruviexch,7,Server 7,10,1540,58.160,1
ruviexch,2,Server 2,10,1144,56.576,
ruviexch,3,Server 3,10,259,53.036,
ruviexch,11,Server 11,10,111,52.444,
ruviexch,5,Server 5,12,1834,57.736,
stockmock,3,Server 3,10,1804,59.216,1
stockmock,2,Server 2,10,1567,58.268,
stockmock,7,Server 7,10,1440,57.760,
stockmock,11,Server 11,10,821,55.284,
stockmock,5,Server 5,12,574,52.696,
paymitra,3,Server 3,10,1471,57.884,1
paymitra,2,Server 2,10,1407,57.628,
paymitra,4,Server 4,10,934,55.736,
paymitra,7,Server 7,10,822,55.288,
paymitra,11,Server 11,10,742,54.968,
paymitra,5,Server 5,10,652,54.608,
cyberlink,2,Server 2,10,1316,57.264,
cyberlink,4,Server 4,10,1248,56.992,
cyberlink,3,Server 3,10,1095,56.380,
cyberlink,11,Server 11,10,980,55.920,
cyberlink,7,Server 7,10,365,53.460,
cyberlink,5,Server 5,12,1800,57.600,1
shiprocket,3,Server 3,10,1834,59.336,1
shiprocket,11,Server 11,10,1767,59.068,
shiprocket,2,Server 2,10,1642,58.568,
shiprocket,4,Server 4,10,1527,58.108,
shiprocket,7,Server 7,10,1387,57.548,
shiprocket,5,Server 5,12,780,53.520,
jeevansathi,7,Server 7,10,1759,59.036,1
jeevansathi,3,Server 3,10,1654,58.616,
jeevansathi,4,Server 4,10,1603,58.412,
jeevansathi,2,Server 2,10,930,55.720,
jeevansathi,11,Server 11,10,658,54.632,
jeevansathi,5,Server 5,12,1229,55.316,
jeevansathi,8,Server 8,12.852,223,50.610,
rummyregal,2,Server 2,10,1874,59.496,1
rummyregal,11,Server 11,10,655,54.620,
rummyregal,3,Server 3,10,332,53.328,
rummyregal,7,Server 7,10,203,52.812,
rummyregal,5,Server 5,12,1768,57.472,
pulselabs,11,Server 11,10,1952,59.808,1
pulselabs,2,Server 2,10,1440,57.760,
pulselabs,7,Server 7,10,943,55.772,
pulselabs,4,Server 4,10,584,54.336,
pulselabs,3,Server 3,10,330,53.320,
pulselabs,5,Server 5,12,1517,56.468,
666.in,3,Server 3,10,1611,58.444,1
666.in,2,Server 2,10,1488,57.952,
666.in,4,Server 4,10,1109,56.436,
666.in,5,Server 5,10,583,54.332,
666.in,7,Server 7,10,356,53.424,
gauipl,3,Server 3,10,833,55.332,1
gauipl,2,Server 2,10,701,54.804,
gauipl,4,Server 4,10,549,54.196,
gauipl,11,Server 11,10,234,52.936,
gauipl,7,Server 7,10,141,52.564,
gauipl,5,Server 5,12,233,51.332,
hkpay,2,Server 2,10,1867,59.468,1
hkpay,11,Server 11,10,1843,59.372,
hkpay,4,Server 4,10,1329,57.316,
hkpay,7,Server 7,10,1170,56.680,
hkpay,3,Server 3,10,309,53.236,
hkpay,5,Server 5,12,1475,56.300,
instamart,4,Server 4,10,1835,59.340,1
instamart,11,Server 11,10,1332,57.328,
instamart,7,Server 7,10,731,54.924,
instamart,2,Server 2,10,658,54.632,
instamart,3,Server 3,10,179,52.716,
instamart,5,Server 5,12,1148,54.992,
emergencypaisa,11,Server 11,10,1695,58.780,1
emergencypaisa,5,Server 5,10,1673,58.692,
emergencypaisa,7,Server 7,10,1516,58.064,
emergencypaisa,4,Server 4,10,1489,57.956,
emergencypaisa,2,Server 2,10,858,55.432,
emergencypaisa,3,Server 3,10,610,54.440,
enkash,11,Server 11,10,1836,59.344,1
enkash,2,Server 2,10,1762,59.048,
enkash,7,Server 7,10,1343,57.372,
enkash,4,Server 4,10,1275,57.100,
enkash,3,Server 3,10,1097,56.388,
enkash,5,Server 5,12,1712,57.248,
qqwin,11,Server 11,10,1949,59.796,1
qqwin,7,Server 7,10,1935,59.740,
qqwin,2,Server 2,10,1538,58.152,
qqwin,4,Server 4,10,1329,57.316,
qqwin,3,Server 3,10,483,53.932,
qqwin,5,Server 5,12,1308,55.632,
rexpay,11,Server 11,10,1887,59.548,1
rexpay,4,Server 4,10,1667,58.668,
rexpay,7,Server 7,10,1453,57.812,
rexpay,2,Server 2,10,1444,57.776,
rexpay,5,Server 5,10,1240,56.960,
rexpay,3,Server 3,10,1194,56.776,
stote,11,Server 11,10,1640,58.560,1
stote,3,Server 3,10,1515,58.060,
stote,7,Server 7,10,709,54.836,
stote,2,Server 2,10,638,54.552,
jackpotwheel,2,Server 2,10,1971,59.884,1
jackpotwheel,7,Server 7,10,1545,58.180,
jackpotwheel,11,Server 11,10,1447,57.788,
jackpotwheel,3,Server 3,10,1371,57.484,
jackpotwheel,4,Server 4,10,1011,56.044,
jackpotwheel,5,Server 5,12,1252,55.408,
789jackpot,11,Server 11,10,1027,56.108,1
789jackpot,7,Server 7,10,659,54.636,
789jackpot,2,Server 2,10,332,53.328,
789jackpot,3,Server 3,12.8,1463,55.612,
gharsoaps,5,Server 5,7.2,597,56.628,
gharsoaps,7,Server 7,10,1415,57.660,1
gharsoaps,2,Server 2,10,911,55.644,
gharsoaps,11,Server 11,10,458,53.832,
gharsoaps,3,Server 3,10,438,53.752,
sitarapartner,5,Server 5,7.2,1118,58.712,
sitarapartner,7,Server 7,10,1848,59.392,1
sitarapartner,11,Server 11,10,1593,58.372,
sitarapartner,2,Server 2,10,1572,58.288,
sitarapartner,3,Server 3,10,183,52.732,
onewin,7,Server 7,10,1777,59.108,1
onewin,11,Server 11,10,652,54.608,
onewin,3,Server 3,10,579,54.316,
onewin,2,Server 2,10,575,54.300,
univest,7,Server 7,10,1967,59.868,1
univest,11,Server 11,10,1866,59.464,
univest,3,Server 3,10,969,55.876,
univest,2,Server 2,10,112,52.448,
univest,8,Server 8,11.606,1635,57.255,
motp,7,Server 7,10,1953,59.812,1
motp,5,Server 5,10,1226,56.904,
motp,2,Server 2,10,698,54.792,
motp,3,Server 3,10,390,53.560,
motp,11,Server 11,10,378,53.512,
handpickd,7,Server 7,10,1948,59.792,1
handpickd,3,Server 3,10,1899,59.596,
handpickd,11,Server 11,10,768,55.072,
handpickd,2,Server 2,10,538,54.152,
raviexch,4,Server 4,10,1569,58.276,1
raviexch,7,Server 7,10,1365,57.460,
raviexch,3,Server 3,10,1178,56.712,
raviexch,11,Server 11,10,750,55.000,
raviexch,2,Server 2,10,331,53.324,
raviexch,5,Server 5,12,1929,58.116,
raviexch,5,Server 5,12,230,51.320,
driveu,3,Server 3,10,1896,59.584,1
driveu,4,Server 4,10,1625,58.500,
driveu,7,Server 7,10,1408,57.632,
driveu,11,Server 11,10,1001,56.004,
driveu,2,Server 2,10,117,52.468,
driveu,5,Server 5,12,943,54.172,
nhidcl,3,Server 3,10,1617,58.468,1
nhidcl,2,Server 2,10,1477,57.908,
nhidcl,7,Server 7,10,1290,57.160,
nhidcl,11,Server 11,10,1222,56.888,
nhidcl,4,Server 4,10,920,55.680,
nhidcl,5,Server 5,12,340,51.760,
luckykismat,7,Server 7,10,1730,58.920,1
luckykismat,3,Server 3,10,1525,58.100,
luckykismat,4,Server 4,10,1385,57.540,
luckykismat,11,Server 11,10,1269,57.076,
luckykismat,2,Server 2,10,857,55.428,
luckykismat,5,Server 5,12,1472,56.288,
admin,3,Server 3,10,1853,59.412,1
admin,11,Server 11,10,1755,59.020,
admin,2,Server 2,10,1696,58.784,
admin,7,Server 7,10,1187,56.748,
admin,4,Server 4,10,1113,56.452,
admin,5,Server 5,12,682,53.128,
swacchbharat,7,Server 7,10,1849,59.396,1
swacchbharat,2,Server 2,10,1362,57.448,
swacchbharat,3,Server 3,10,1118,56.472,
swacchbharat,5,Server 5,10,749,54.996,
swacchbharat,11,Server 11,10,467,53.868,
rexproearn,7,Server 7,10,1552,58.208,1
rexproearn,3,Server 3,10,1341,57.364,
rexproearn,2,Server 2,10,996,55.984,
rexproearn,11,Server 11,10,947,55.788,
rexproearn,5,Server 5,10,182,52.728,
777in,3,Server 3,10,1782,59.128,1
777in,2,Server 2,10,1045,56.180,
777in,7,Server 7,10,570,54.280,
777in,11,Server 11,10,505,54.020,
instaastro,3,Server 3,10,1981,59.924,1
instaastro,11,Server 11,10,1778,59.112,
instaastro,7,Server 7,10,1700,58.800,
instaastro,2,Server 2,10,550,54.200,
instaastro,5,Server 5,10,349,53.396,
shaktipay,4,Server 4,10,1412,57.648,1
shaktipay,11,Server 11,10,1035,56.140,
shaktipay,3,Server 3,10,529,54.116,
shaktipay,7,Server 7,10,345,53.380,
shaktipay,5,Server 5,12,274,51.496,
yonohub,5,Server 5,10,1938,59.752,1
yonohub,11,Server 11,10,1869,59.476,
yonohub,7,Server 7,10,1835,59.340,
yonohub,4,Server 4,10,1297,57.188,
yonohub,3,Server 3,10,1110,56.440,
khelking,4,Server 4,10,1690,58.760,1
khelking,3,Server 3,10,1242,56.968,
khelking,11,Server 11,10,890,55.560,
khelking,7,Server 7,10,253,53.012,
khelking,5,Server 5,10,229,52.916,
crown88,7,Server 7,10,1236,56.944,1
crown88,3,Server 3,10,1163,56.652,
crown88,11,Server 11,10,654,54.616,
crown88,4,Server 4,10,177,52.708,
crown88,5,Server 5,12,1214,55.256,
8game,11,Server 11,10,1314,57.256,1
8game,3,Server 3,10,1177,56.708,
8game,7,Server 7,10,1009,56.036,
8game,4,Server 4,10,733,54.932,
8game,5,Server 5,12,119,50.876,
rummylegal,7,Server 7,10,1920,59.680,1
rummylegal,3,Server 3,10,1476,57.904,
rummylegal,4,Server 4,10,1311,57.244,
rummylegal,11,Server 11,10,254,53.016,
rummylegal,5,Server 5,12,317,51.668,
astrotalk,7,Server 7,10,1739,58.956,1
astrotalk,11,Server 11,10,1528,58.112,
astrotalk,3,Server 3,10,1389,57.556,
astrotalk,4,Server 4,10,412,53.648,
astrotalk,5,Server 5,12,1334,55.736,
foundit,7,Server 7,10,1830,59.320,1
foundit,11,Server 11,10,940,55.760,
foundit,4,Server 4,10,897,55.588,
foundit,5,Server 5,10,370,53.480,
foundit,3,Server 3,10,313,53.252,
foundit,8,Server 8,11.144,20,51.165,
crest777,11,Server 11,10,567,54.268,1
crest777,7,Server 7,10,350,53.400,
crest777,3,Server 3,10,100,52.400,
c88,4,Server 4,10,1366,57.464,1
c88,3,Server 3,10,1336,57.344,
c88,11,Server 11,10,1092,56.368,
c88,7,Server 7,10,1035,56.140,
c88,5,Server 5,12,1651,57.004,
y1game,11,Server 11,10,1997,59.988,1
y1game,3,Server 3,10,1272,57.088,
y1game,7,Server 7,10,555,54.220,
y1game,4,Server 4,10,381,53.524,
y1game,5,Server 5,12,356,51.824,
arwallet,3,Server 3,10,1223,56.892,1
arwallet,7,Server 7,10,983,55.932,
arwallet,11,Server 11,10,820,55.280,
arwallet,4,Server 4,10,567,54.268,
arwallet,5,Server 5,12,1375,55.900,
customfire,7,Server 7,10,2000,60.000,1
customfire,11,Server 11,10,392,53.568,
customfire,4,Server 4,18.4,1550,51.480,
customfire,3,Server 3,21,305,44.420,
customfire,5,Server 5,25,1764,47.056,
ukpayhub,7,Server 7,10,1713,58.852,1
ukpayhub,4,Server 4,10,1641,58.564,
ukpayhub,11,Server 11,10,1474,57.896,
ukpayhub,3,Server 3,10,253,53.012,
ukpayhub,5,Server 5,12,957,54.228,
hyperpure,7,Server 7,10,1795,59.180,1
hyperpure,3,Server 3,10,876,55.504,
hyperpure,11,Server 11,10,507,54.028,
hyperpure,4,Server 4,10,142,52.568,
hyperpure,5,Server 5,12,1815,57.660,
mmy,7,Server 7,10,1903,59.612,1
mmy,11,Server 11,10,1838,59.352,
mmy,3,Server 3,10,514,54.056,
bn99,3,Server 3,10,1461,57.844,1
bn99,11,Server 11,10,1226,56.904,
bn99,5,Server 5,10,1086,56.344,
bn99,7,Server 7,10,165,52.660,
bn99,4,Server 4,10,100,52.400,
thinkitlucky,11,Server 11,10,1622,58.488,1
thinkitlucky,3,Server 3,10,1033,56.132,
thinkitlucky,4,Server 4,10,392,53.568,
thinkitlucky,7,Server 7,10,245,52.980,
thinkitlucky,5,Server 5,12,914,54.056,
makemytrip,5,Server 5,7.2,1153,58.852,
makemytrip,4,Server 4,10,1752,59.008,1
makemytrip,3,Server 3,10,1495,57.980,
makemytrip,7,Server 7,10,939,55.756,
makemytrip,11,Server 11,10,875,55.500,
makemytrip,8,Server 8,13.566,20,49.227,
physicswallah,3,Server 3,10,904,55.616,1
physicswallah,11,Server 11,10,778,55.112,
physicswallah,5,Server 5,10,635,54.540,
physicswallah,4,Server 4,10,401,53.604,
physicswallah,7,Server 7,10,244,52.976,
bigmumbai,5,Server 5,7.2,1479,60.156,1
bigmumbai,4,Server 4,10,1899,59.596,
bigmumbai,11,Server 11,10,1712,58.848,
bigmumbai,3,Server 3,10,760,55.040,
bigmumbai,7,Server 7,10,155,52.620,
stockedge,5,Server 5,7.2,392,55.808,
stockedge,11,Server 11,10,1087,56.348,1
stockedge,7,Server 7,10,726,54.904,
stockedge,4,Server 4,10,646,54.584,
stockedge,3,Server 3,10,553,54.212,
sathipay,5,Server 5,7.2,934,57.976,
sathipay,11,Server 11,10,1554,58.216,1
sathipay,3,Server 3,10,726,54.904,
sathipay,4,Server 4,10,532,54.128,
sathipay,7,Server 7,10,382,53.528,
noise,11,Server 11,10,1758,59.032,1
noise,3,Server 3,10,609,54.436,
noise,4,Server 4,10,358,53.432,
noise,7,Server 7,10,103,52.412,
noise,5,Server 5,12,1025,54.500,
xmtrade,5,Server 5,10,1948,59.792,1
xmtrade,7,Server 7,10,1580,58.320,
xmtrade,11,Server 11,10,1471,57.884,
xmtrade,3,Server 3,10,461,53.844,
xmtrade,4,Server 4,10,333,53.332,
cashvia,3,Server 3,10,1963,59.852,1
cashvia,11,Server 11,10,1588,58.352,
cashvia,4,Server 4,10,669,54.676,
cashvia,7,Server 7,10,545,54.180,
cashvia,5,Server 5,12,138,50.952,
frizza,4,Server 4,10,1491,57.964,1
frizza,3,Server 3,10,1453,57.812,
frizza,11,Server 11,10,809,55.236,
frizza,5,Server 5,10,586,54.344,
frizza,7,Server 7,10,313,53.252,
frizza,8,Server 8,11.424,1333,56.193,
jagran,7,Server 7,10,1969,59.876,1
jagran,11,Server 11,10,1819,59.276,
jagran,5,Server 5,10,1420,57.680,
jagran,3,Server 3,10,528,54.112,
jagran,4,Server 4,10,117,52.468,
3cr,11,Server 11,10,1676,58.704,1
3cr,3,Server 3,10,1402,57.608,
3cr,7,Server 7,10,767,55.068,
3cr,4,Server 4,10,350,53.400,
3cr,5,Server 5,12,1335,55.740,
vnrgame,7,Server 7,10,1742,58.968,1
vnrgame,3,Server 3,10,1553,58.212,
vnrgame,11,Server 11,10,197,52.788,
vnrgame,5,Server 5,12,1361,55.844,
ixigo,11,Server 11,10,1834,59.336,1
ixigo,7,Server 7,10,1214,56.856,
ixigo,3,Server 3,10,973,55.892,
ixigo,4,Server 4,10,160,52.640,
ixigo,5,Server 5,12,414,52.056,
ixigo,8,Server 8,14.14,1681,55.412,
solid,11,Server 11,10,1708,58.832,1
solid,7,Server 7,10,1591,58.364,
solid,3,Server 3,10,508,54.032,
solid,4,Server 4,10,241,52.964,
solid,5,Server 5,12,1116,54.864,
fidha,11,Server 11,10,1860,59.440,1
fidha,7,Server 7,10,1201,56.804,
fidha,3,Server 3,10,647,54.588,
fidha,4,Server 4,10,308,53.232,
fidha,5,Server 5,12,446,52.184,
rummyeaster,3,Server 3,10,816,55.264,
rummyeaster,11,Server 11,10,625,54.500,
rummyeaster,7,Server 7,10,491,53.964,
rummyeaster,4,Server 4,10,164,52.656,
rummyeaster,5,Server 5,12,1256,55.424,1
levi,11,Server 11,10,1773,59.092,1
levi,3,Server 3,10,1571,58.284,
levi,4,Server 4,10,1507,58.028,
levi,7,Server 7,10,1098,56.392,
levi,5,Server 5,12,1123,54.892,
betexc,2,Server 2,10,1959,59.836,1
betexc,11,Server 11,10,1354,57.416,
betexc,3,Server 3,10,1095,56.380,
betexc,4,Server 4,10,1031,56.124,
betexc,7,Server 7,10,377,53.508,
betexc,5,Server 5,12,943,54.172,
betexc,8,Server 8,14.28,1309,53.812,
tvsmotor,7,Server 7,10,1637,58.548,1
tvsmotor,3,Server 3,10,1455,57.820,
tvsmotor,4,Server 4,10,1214,56.856,
tvsmotor,5,Server 5,10,1153,56.612,
tvsmotor,11,Server 11,10,1069,56.276,
zetarides,4,Server 4,10,1964,59.856,1
zetarides,11,Server 11,10,1214,56.856,
zetarides,7,Server 7,10,595,54.380,
zetarides,5,Server 5,10,592,54.368,
zetarides,3,Server 3,10,354,53.416,
swish,3,Server 3,10,1993,59.972,1
swish,4,Server 4,10,515,54.060,
swish,7,Server 7,10,478,53.912,
swish,11,Server 11,10,432,53.728,
swish,5,Server 5,10,374,53.496,
mpartner,11,Server 11,10,1222,56.888,1
mpartner,4,Server 4,10,948,55.792,
mpartner,3,Server 3,10,859,55.436,
mpartner,5,Server 5,10,658,54.632,
mpartner,7,Server 7,10,317,53.268,
mogli,5,Server 5,10,1699,58.796,1
mogli,3,Server 3,10,816,55.264,
mogli,7,Server 7,10,729,54.916,
mogli,4,Server 4,10,639,54.556,
mogli,11,Server 11,10,322,53.288,
t3pay,3,Server 3,10,1665,58.660,1
t3pay,11,Server 11,10,1114,56.456,
t3pay,4,Server 4,10,989,55.956,
t3pay,7,Server 7,10,745,54.980,
t3pay,5,Server 5,12,796,53.584,
smartwallet,11,Server 11,10,1934,59.736,1
smartwallet,5,Server 5,10,1402,57.608,
smartwallet,7,Server 7,10,930,55.720,
smartwallet,3,Server 3,10,600,54.400,
smartwallet,4,Server 4,10,251,53.004,
skillstrainer,7,Server 7,10,1923,59.692,1
skillstrainer,5,Server 5,10,1669,58.676,
skillstrainer,11,Server 11,10,1393,57.572,
skillstrainer,4,Server 4,10,602,54.408,
skillstrainer,3,Server 3,10,236,52.944,
indmoney,5,Server 5,10,1736,58.944,1
indmoney,2,Server 2,10,1509,58.036,
indmoney,4,Server 4,10,1036,56.144,
indmoney,3,Server 3,10,853,55.412,
indmoney,7,Server 7,10,589,54.356,
indmoney,11,Server 11,10,316,53.264,
school,11,Server 11,10,1347,57.388,1
school,4,Server 4,10,1156,56.624,
school,5,Server 5,10,676,54.704,
school,3,Server 3,10,414,53.656,
tatacliq,3,Server 3,10,1372,57.488,1
tatacliq,7,Server 7,10,1256,57.024,
tatacliq,11,Server 11,10,1238,56.952,
goldgo,3,Server 3,10,1379,57.516,1
goldgo,4,Server 4,10,1340,57.360,
goldgo,11,Server 11,10,838,55.352,
goldgo,5,Server 5,10,802,55.208,
goldgo,7,Server 7,10,101,52.404,
focused,11,Server 11,10,1194,56.776,1
focused,7,Server 7,10,784,55.136,
focused,3,Server 3,10,429,53.716,
yomo11,7,Server 7,10,1326,57.304,1
yomo11,4,Server 4,10,604,54.416,
yomo11,3,Server 3,10,221,52.884,
yomo11,11,Server 11,10,182,52.728,
yomo11,5,Server 5,12,333,51.732,
afratech,3,Server 3,10,1800,59.200,1
afratech,4,Server 4,10,1127,56.508,
afratech,2,Server 2,10,742,54.968,
afratech,7,Server 7,10,354,53.416,
afratech,11,Server 11,10,168,52.672,
afratech,5,Server 5,12,1496,56.384,
voltas,7,Server 7,10,1305,57.220,1
voltas,11,Server 11,10,941,55.764,
voltas,5,Server 5,10,783,55.132,
voltas,3,Server 3,10,579,54.316,
voltas,4,Server 4,10,372,53.488,
chatbot,3,Server 3,10,1283,57.132,1
chatbot,11,Server 11,10,1017,56.068,
chatbot,4,Server 4,10,985,55.940,
chatbot,7,Server 7,10,366,53.464,
chatbot,5,Server 5,10,261,53.044,
majago,3,Server 3,10,1965,59.860,1
majago,11,Server 11,10,1773,59.092,
majago,5,Server 5,10,868,55.472,
majago,7,Server 7,10,376,53.504,
ix7,4,Server 4,10,925,55.700,1
ix7,7,Server 7,10,874,55.496,
ix7,11,Server 11,10,722,54.888,
ix7,3,Server 3,10,308,53.232,
ix7,5,Server 5,10,285,53.140,
kickcash,5,Server 5,10,1991,59.964,1
kickcash,11,Server 11,10,1962,59.848,
kickcash,4,Server 4,10,1286,57.144,
kickcash,7,Server 7,10,1269,57.076,
kickcash,3,Server 3,10,233,52.932,
kickcash,8,Server 8,12.39,1122,54.576,
lummp,11,Server 11,10,1795,59.180,1
lummp,5,Server 5,10,1744,58.976,
lummp,7,Server 7,10,1694,58.776,
lummp,3,Server 3,10,694,54.776,
jumpp,4,Server 4,10,1989,59.956,1
jumpp,7,Server 7,10,765,55.060,
jumpp,3,Server 3,10,557,54.228,
jumpp,5,Server 5,10,530,54.120,
jumpp,11,Server 11,10,142,52.568,
jumpp,8,Server 8,10.99,637,53.756,
hercules,5,Server 5,10,1912,59.648,1
hercules,4,Server 4,10,1320,57.280,
hercules,3,Server 3,10,1310,57.240,
hercules,11,Server 11,10,1261,57.044,
hercules,7,Server 7,10,628,54.512,
vymo,3,Server 3,10,1557,58.228,1
vymo,4,Server 4,10,1419,57.676,
vymo,7,Server 7,10,1396,57.584,
vymo,5,Server 5,10,861,55.444,
vymo,11,Server 11,10,807,55.228,
vymo,8,Server 8,15.708,1442,53.202,
pronto,5,Server 5,10,1903,59.612,1
pronto,4,Server 4,10,1746,58.984,
pronto,11,Server 11,10,585,54.340,
pronto,7,Server 7,10,535,54.140,
pronto,3,Server 3,10,165,52.660,
jio,11,Server 11,10,1263,57.052,
jio,12,Server 12,12,1099,54.796,
jio,2,Server 2,13,1988,57.552,1
jio,8,Server 8,22.4,1846,49.464,
jio,4,Server 4,35,1996,39.984,
jio,3,Server 3,35,1823,39.292,
jio,10,Server 10,35,1373,37.492,
jio,5,Server 5,35,1022,36.088,
smc,3,Server 3,10,1858,59.432,1
smc,7,Server 7,10,1628,58.512,
smc,5,Server 5,10,1495,57.980,
smc,2,Server 2,10,1089,56.356,
smc,11,Server 11,10,973,55.892,
smc,4,Server 4,10,852,55.408,
moneybazar,7,Server 7,10,1162,56.648,1
moneybazar,5,Server 5,10,901,55.604,
moneybazar,4,Server 4,10,884,55.536,
moneybazar,3,Server 3,10,769,55.076,
moneybazar,11,Server 11,10,158,52.632,
billcut,3,Server 3,10,1429,57.716,1
billcut,11,Server 11,10,869,55.476,
billcut,4,Server 4,10,391,53.564,
clubcorra,11,Server 11,10,1797,59.188,1
clubcorra,4,Server 4,10,1782,59.128,
clubcorra,5,Server 5,10,917,55.668,
clubcorra,3,Server 3,10,896,55.584,
clubcorra,7,Server 7,10,261,53.044,
satbet,3,Server 3,10,1817,59.268,1
satbet,11,Server 11,10,488,53.952,
satbet,4,Server 4,10,255,53.020,
imffy,4,Server 4,10,1534,58.136,1
imffy,3,Server 3,10,665,54.660,
imffy,11,Server 11,10,661,54.644,
wininr,11,Server 11,10,1862,59.448,1
wininr,2,Server 2,10,994,55.976,
wininr,4,Server 4,10,839,55.356,
wininr,3,Server 3,10,794,55.176,
wininr,5,Server 5,10,547,54.188,
solidnxt,4,Server 4,10,1702,58.808,1
solidnxt,3,Server 3,10,1600,58.400,
solidnxt,5,Server 5,10,635,54.540,
solidnxt,11,Server 11,10,202,52.808,
yono365,7,Server 7,10,1191,56.764,1
yono365,3,Server 3,10,1130,56.520,
yono365,11,Server 11,10,1107,56.428,
yono365,4,Server 4,10,559,54.236,
yono365,5,Server 5,10,496,53.984,
rapidocaptain,5,Server 5,10,1836,59.344,1
rapidocaptain,3,Server 3,10,1721,58.884,
rapidocaptain,4,Server 4,10,1681,58.724,
nb9,3,Server 3,10,1789,59.156,1
nb9,4,Server 4,10,433,53.732,
nb9,11,Server 11,10,286,53.144,
nb9,5,Server 5,10,186,52.744,
progamer,3,Server 3,10,1590,58.360,1
progamer,5,Server 5,10,1393,57.572,
progamer,11,Server 11,10,1164,56.656,
progamer,4,Server 4,10,235,52.940,
game13,5,Server 5,10,1047,56.188,1
game13,3,Server 3,10,900,55.600,
game13,11,Server 11,10,858,55.432,
game13,4,Server 4,10,429,53.716,
game14,3,Server 3,10,1493,57.972,1
game14,11,Server 11,10,1324,57.296,
game14,5,Server 5,10,1138,56.552,
parle,3,Server 3,10,1470,57.880,1
parle,5,Server 5,10,972,55.888,
parle,11,Server 11,10,338,53.352,
parle,4,Server 4,10,179,52.716,
ctw,3,Server 3,10,1718,58.872,1
ctw,4,Server 4,10,1635,58.540,
ctw,11,Server 11,10,598,54.392,
ctw,5,Server 5,10,236,52.944,
divavip,11,Server 11,10,1598,58.392,1
divavip,5,Server 5,10,1095,56.380,
divavip,4,Server 4,10,629,54.516,
divavip,3,Server 3,10,360,53.440,
fyers,11,Server 11,10,1427,57.708,1
fyers,5,Server 5,10,1012,56.048,
fyers,3,Server 3,10,690,54.760,
fyers,4,Server 4,10,585,54.340,
mahuaplay,3,Server 3,10,799,55.196,1
mahuaplay,11,Server 11,10,487,53.948,
mahuaplay,5,Server 5,10,387,53.548,
mahuaplay,4,Server 4,10,208,52.832,
cashin,5,Server 5,10,1967,59.868,1
cashin,4,Server 4,10,1128,56.512,
cashin,3,Server 3,10,891,55.564,
cashin,11,Server 11,10,191,52.764,
proanalyser,5,Server 5,10,1724,58.896,1
proanalyser,11,Server 11,10,1512,58.048,
proanalyser,3,Server 3,10,341,53.364,
proanalyser,4,Server 4,10,196,52.784,
funngro,11,Server 11,10,1687,58.748,1
funngro,5,Server 5,10,1618,58.472,
funngro,3,Server 3,10,1607,58.428,
funngro,4,Server 4,10,417,53.668,
yonorummy,11,Server 11,10,1400,57.600,
yonorummy,5,Server 5,10,1395,57.580,
yonorummy,3,Server 3,10,1046,56.184,
yonorummy,4,Server 4,10,626,54.504,
yonorummy,12,Server 12,11,1672,57.888,1
win379,2,Server 2,10,1353,57.412,1
win379,3,Server 3,10,867,55.468,
win379,4,Server 4,10,674,54.696,
win379,5,Server 5,10,107,52.428,
rummyonline,11,Server 11,10,1880,59.520,1
rummyonline,3,Server 3,10,1853,59.412,
rummyonline,4,Server 4,10,1769,59.076,
rummyonline,5,Server 5,10,408,53.632,
bet200,4,Server 4,10,1899,59.596,1
bet200,11,Server 11,10,1155,56.620,
bet200,5,Server 5,10,720,54.880,
bet200,3,Server 3,10,142,52.568,
luxgain,3,Server 3,10,1918,59.672,1
luxgain,11,Server 11,10,462,53.848,
sheinold,11,Server 11,10,1673,58.692,1
sheinold,5,Server 5,10,708,54.832,
sheinold,3,Server 3,10,390,53.560,
usmssaaffron,5,Server 5,10,1718,58.872,1
usmssaaffron,11,Server 11,10,1310,57.240,
usmssaaffron,4,Server 4,10,907,55.628,
usmssaaffron,3,Server 3,10,438,53.752,
hpl,4,Server 4,10,1975,59.900,1
hpl,3,Server 3,10,1537,58.148,
hpl,11,Server 11,10,1520,58.080,
hpl,5,Server 5,10,929,55.716,
snglty,3,Server 3,10,1966,59.864,1
snglty,11,Server 11,10,1507,58.028,
jmfs,11,Server 11,10,1783,59.132,1
jmfs,3,Server 3,10,1144,56.576,
come,11,Server 11,10,1720,58.880,1
come,4,Server 4,10,1342,57.368,
come,3,Server 3,10,701,54.804,
come,5,Server 5,10,422,53.688,
rapidoiq,11,Server 11,10,1559,58.236,1
rapidoiq,3,Server 3,10,1276,57.104,
ciferon,4,Server 4,10,1796,59.184,1
ciferon,11,Server 11,10,1599,58.396,
ciferon,3,Server 3,10,1445,57.780,
ciferon,5,Server 5,10,1159,56.636,
hinge,2,Server 2,10,1998,59.992,1
hinge,5,Server 5,10,1731,58.924,
hinge,3,Server 3,10,1340,57.360,
hinge,4,Server 4,10,932,55.728,
hinge,11,Server 11,10,617,54.468,
stockmojo,11,Server 11,10,1991,59.964,1
stockmojo,4,Server 4,10,1928,59.712,
stockmojo,3,Server 3,10,1258,57.032,
stockmojo,5,Server 5,10,1220,56.880,
happyteenpatti,11,Server 11,10,1915,59.660,1
happyteenpatti,4,Server 4,10,1844,59.376,
happyteenpatti,5,Server 5,10,482,53.928,
happyteenpatti,3,Server 3,10,447,53.788,
aapay,5,Server 5,10,1741,58.964,1
aapay,3,Server 3,10,1255,57.020,
aapay,11,Server 11,10,613,54.452,
aapay,4,Server 4,10,139,52.556,
xpec,5,Server 5,10,1841,59.364,1
xpec,4,Server 4,10,1702,58.808,
xpec,11,Server 11,10,1155,56.620,
xpec,3,Server 3,10,407,53.628,
practo,11,Server 11,10,1099,56.396,1
practo,3,Server 3,10,1003,56.012,
practo,5,Server 5,10,889,55.556,
practo,4,Server 4,10,664,54.656,
practo,8,Server 8,14.14,20,48.768,
humsafar,5,Server 5,10,1158,56.632,1
humsafar,11,Server 11,10,935,55.740,
humsafar,4,Server 4,10,621,54.484,
humsafar,3,Server 3,10,191,52.764,
1xbet,3,Server 3,10,1442,57.768,1
1xbet,5,Server 5,10,1245,56.980,
1xbet,11,Server 11,10,1016,56.064,
1xbet,4,Server 4,10,356,53.424,
1xbet,8,Server 8,122.808,20,20.080,
nexusludo,3,Server 3,10,1475,57.900,1
nexusludo,11,Server 11,10,823,55.292,
nexusludo,5,Server 5,10,610,54.440,
nexusludo,4,Server 4,10,301,53.204,
82lottery,11,Server 11,10,1969,59.876,1
82lottery,3,Server 3,10,1572,58.288,
bn9,3,Server 3,10,1812,59.248,1
bn9,5,Server 5,10,1371,57.484,
bn9,11,Server 11,10,1121,56.484,
bn9,4,Server 4,10,774,55.096,
sharteji,3,Server 3,10,1350,57.400,1
sharteji,11,Server 11,10,1171,56.684,
sharteji,4,Server 4,10,1065,56.260,
sharteji,5,Server 5,10,909,55.636,
55club,11,Server 11,10,1580,58.320,1
55club,2,Server 2,10,152,52.608,
chargezone,3,Server 3,10,1423,57.692,1
chargezone,11,Server 11,10,293,53.172,
nourg,11,Server 11,10,1654,58.616,1
nourg,3,Server 3,10,1044,56.176,
bolt,3,Server 3,10,1215,56.860,1
bolt,11,Server 11,10,359,53.436,
zulti,11,Server 11,10,814,55.256,1
zulti,3,Server 3,10,360,53.440,
rehearsalresearch,11,Server 11,10,1814,59.256,1
rehearsalresearch,3,Server 3,10,279,53.116,
farmley,11,Server 11,10,1020,56.080,1
farmley,4,Server 4,10,471,53.884,
mpokket,11,Server 11,10,1948,59.792,1
mpokket,3,Server 3,10,280,53.120,
indclub,3,Server 3,10,1548,58.192,1
indclub,11,Server 11,10,655,54.620,
28xbet,2,Server 2,10,425,53.700,1
28xbet,11,Server 11,10,363,53.452,
ynorg,5,Server 5,10,1713,58.852,1
ynorg,11,Server 11,10,1475,57.900,
ynorg,4,Server 4,10,1338,57.352,
ynorg,3,Server 3,10,1248,56.992,
ynorg,7,Server 7,10,883,55.532,
airindia,5,Server 5,12,709,53.236,1
airindia,3,Server 3,12,636,52.944,
nadi777,11,Server 11,10,1812,59.248,1
nadi777,3,Server 3,10,1300,57.200,
nadi777,4,Server 4,10,455,53.820,
chatgpt,2,Server 2,10,1296,57.184,1
chatgpt,11,Server 11,10,671,54.684,
cortevafarmerconnect,3,Server 3,10,1180,56.720,1
cortevafarmerconnect,4,Server 4,10,534,54.136,
cortevafarmerconnect,11,Server 11,10,313,53.252,
t2game,3,Server 3,10,1580,58.320,1
t2game,11,Server 11,10,1194,56.776,
t2game,4,Server 4,10,873,55.492,
teenpattichatai,4,Server 4,10,1597,58.388,1
teenpattichatai,11,Server 11,10,1316,57.264,
pragya,11,Server 11,10,1971,59.884,1
pragya,4,Server 4,10,1106,56.424,
rama777,5,Server 5,10,1596,58.384,1
rama777,3,Server 3,10,395,53.580,
rama777,11,Server 11,10,359,53.436,
rama777,4,Server 4,10,111,52.444,
hppay,4,Server 4,10,1501,58.004,1
hppay,5,Server 5,10,910,55.640,
hppay,11,Server 11,10,418,53.672,
iplwin55,4,Server 4,10,1932,59.728,1
iplwin55,5,Server 5,10,464,53.856,
feelin,11,Server 11,10,1401,57.604,1
feelin,5,Server 5,10,1179,56.716,
feelin,4,Server 4,10,172,52.688,
diuwin,4,Server 4,10,1914,59.656,1
diuwin,3,Server 3,10,1812,59.248,
diuwin,11,Server 11,10,1110,56.440,
diuwin,5,Server 5,10,315,53.260,
realteenpatti,11,Server 11,10,1789,59.156,1
realteenpatti,4,Server 4,10,1206,56.824,
realteenpatti,3,Server 3,10,1122,56.488,
realteenpatti,5,Server 5,10,357,53.428,
vtmarkets,5,Server 5,10,1887,59.548,1
vtmarkets,3,Server 3,10,1355,57.420,
vtmarkets,4,Server 4,10,1010,56.040,
vtmarkets,11,Server 11,10,430,53.720,
cultfit,11,Server 11,10,1582,58.328,
cultfit,3,Server 3,10,1204,56.816,
cultfit,4,Server 4,10,913,55.652,
cultfit,5,Server 5,11,1950,59.000,1
joymall,3,Server 3,10,1503,58.012,1
paysetu,11,Server 11,10,1136,56.544,1
paysetu,3,Server 3,10,857,55.428,
paysetu,4,Server 4,10,582,54.328,
paysetu,5,Server 5,10,113,52.452,
navi,5,Server 5,10,822,55.288,1
navi,11,Server 11,10,812,55.248,
navi,4,Server 4,10,662,54.648,
navi,3,Server 3,10,200,52.800,
game3f,7,Server 7,10,1171,56.684,1
game3f,5,Server 5,10,901,55.604,
game3f,3,Server 3,10,137,52.548,
bebetta,4,Server 4,10,1506,58.024,1
bebetta,3,Server 3,10,1277,57.108,
bebetta,11,Server 11,10,618,54.472,
bebetta,5,Server 5,10,145,52.580,
cutshort,3,Server 3,10,1747,58.988,1
cutshort,11,Server 11,10,587,54.348,
cutshort,4,Server 4,10,193,52.772,
flabs,4,Server 4,10,1900,59.600,1
flabs,5,Server 5,10,1877,59.508,
flabs,3,Server 3,10,978,55.912,
flabs,11,Server 11,10,641,54.564,
slot99,5,Server 5,10,1391,57.564,1
slot99,3,Server 3,10,613,54.452,
slot99,11,Server 11,10,377,53.508,
plixlife,4,Server 4,10,1939,59.756,1
plixlife,11,Server 11,10,1444,57.776,
plixlife,3,Server 3,10,1132,56.528,
plixlife,5,Server 5,10,873,55.492,
sagaslots,11,Server 11,10,1980,59.920,1
sagaslots,7,Server 7,10,943,55.772,
sagaslots,3,Server 3,10,581,54.324,
sagaslots,5,Server 5,10,246,52.984,
sagaslots,4,Server 4,10,233,52.932,
zoomcar,5,Server 5,10,1519,58.076,1
zoomcar,7,Server 7,10,1069,56.276,
zoomcar,4,Server 4,10,676,54.704,
zoomcar,3,Server 3,10,615,54.460,
zoomcar,11,Server 11,10,368,53.472,
jiofinance,5,Server 5,10,1920,59.680,1
jiofinance,4,Server 4,10,1784,59.136,
jiofinance,3,Server 3,10,1055,56.220,
jiofinance,7,Server 7,10,884,55.536,
jiofinance,11,Server 11,10,294,53.176,
alphapay,5,Server 5,10,592,54.368,1
alphapay,3,Server 3,10,270,53.080,
alphapay,4,Server 4,10,250,53.000,
alphapay,11,Server 11,10,150,52.600,
flipkartcoin,11,Server 11,10,1800,59.200,1
flipkartcoin,2,Server 2,10,1023,56.092,
flipkartcoin,4,Server 4,10,873,55.492,
flipkartcoin,5,Server 5,10,764,55.056,
flipkartcoin,3,Server 3,10,478,53.912,
lazypay,4,Server 4,10,1700,58.800,1
lazypay,5,Server 5,10,842,55.368,
lazypay,3,Server 3,10,220,52.880,
dostt,11,Server 11,10,1168,56.672,1
dostt,4,Server 4,10,794,55.176,
dostt,3,Server 3,10,253,53.012,
dostt,5,Server 5,10,213,52.852,
channelpay,3,Server 3,10,1757,59.028,1
channelpay,5,Server 5,10,1338,57.352,
channelpay,11,Server 11,10,104,52.416,
jeem,4,Server 4,10,1268,57.072,1
jeem,5,Server 5,10,775,55.100,
jeem,3,Server 3,10,510,54.040,
bhault,4,Server 4,10,1400,57.600,1
bhault,5,Server 5,10,982,55.928,
bhault,11,Server 11,10,733,54.932,
bhault,3,Server 3,10,253,53.012,
goplayspring,5,Server 5,10,1667,58.668,1
goplayspring,7,Server 7,10,1036,56.144,
goplayspring,3,Server 3,10,782,55.128,
goplayspring,11,Server 11,10,167,52.668,
pth,2,Server 2,21,115,43.660,1
innovist,11,Server 11,10,1191,56.764,1
innovist,3,Server 3,10,631,54.524,
innovist,4,Server 4,10,564,54.256,
innovist,5,Server 5,10,301,53.204,
prodege,3,Server 3,10,1575,58.300,1
prodege,4,Server 4,10,1229,56.916,
prodege,5,Server 5,10,1173,56.692,
prodege,11,Server 11,10,658,54.632,
mstock,5,Server 5,10,1769,59.076,1
mstock,11,Server 11,10,1199,56.796,
mstock,7,Server 7,10,549,54.196,
mstock,3,Server 3,10,193,52.772,
mstock,4,Server 4,10,122,52.488,
megapari,3,Server 3,10,1751,59.004,1
megapari,5,Server 5,10,1586,58.344,
megapari,7,Server 7,10,1072,56.288,
megapari,11,Server 11,10,877,55.508,
megapari,4,Server 4,10,843,55.372,
arpay,5,Server 5,10,1140,56.560,1
arpay,3,Server 3,10,958,55.832,
arpay,11,Server 11,10,365,53.460,
arpay,4,Server 4,10,133,52.532,
crownit,5,Server 5,10,1875,59.500,1
crownit,11,Server 11,10,1579,58.316,
crownit,4,Server 4,10,1387,57.548,
crownit,7,Server 7,10,943,55.772,
crownit,3,Server 3,10,468,53.872,
cisplt,11,Server 11,8,1173,58.292,1
cisplt,5,Server 5,10,1236,56.944,
cisplt,3,Server 3,10,1195,56.780,
cisplt,7,Server 7,10,898,55.592,
cisplt,4,Server 4,10,873,55.492,
t20win,7,Server 7,10,1675,58.700,1
t20win,3,Server 3,10,1604,58.416,
t20win,5,Server 5,10,1497,57.988,
t20win,4,Server 4,10,1214,56.856,
hyugalife,5,Server 5,10,1824,59.296,1
hyugalife,7,Server 7,10,1683,58.732,
hyugalife,4,Server 4,10,1394,57.576,
hyugalife,3,Server 3,10,1192,56.768,
hyugalife,11,Server 11,10,530,54.120,
aco,2,Server 2,10,1511,58.044,1
quack,2,Server 2,10,182,52.728,1
aoc,2,Server 2,10,1022,56.088,1
aoc,11,Server 11,10,103,52.412,
trucks,2,Server 2,10,1565,58.260,1
trucks,11,Server 11,10,818,55.272,
nymph,2,Server 2,10,1261,57.044,1
nymph,11,Server 11,10,943,55.772,
hidnn,11,Server 11,10,1776,59.104,1
hidnn,2,Server 2,10,1535,58.140,
winox,11,Server 11,10,1175,56.700,1
winox,2,Server 2,10,1051,56.204,
magnify,2,Server 2,10,990,55.960,1
magnify,11,Server 11,10,376,53.504,
nobroker,2,Server 2,10,1474,57.896,1
nobroker,11,Server 11,10,1001,56.004,
lightning,2,Server 2,80,745,22.980,1
redotplay,2,Server 2,10,814,55.256,1
fast2sms,2,Server 2,10,780,55.120,1
bingo101,11,Server 11,10,1890,59.560,1
bingo101,2,Server 2,10,254,53.016,
linkedin,3,Server 3,10,1563,58.252,1
linkedin,5,Server 5,10,780,55.120,
linkedin,4,Server 4,10,618,54.472,
linkedin,2,Server 2,10,411,53.644,
ipllucky,2,Server 2,10,1426,57.704,1
ipllucky,11,Server 11,10,1075,56.300,
kraus,2,Server 2,10,509,54.036,1
finmandir,2,Server 2,10,1186,56.744,1
finmandir,4,Server 4,10,852,55.408,
finmandir,3,Server 3,10,834,55.336,
finmandir,5,Server 5,10,579,54.316,
finmandir,11,Server 11,10,127,52.508,
twogether,11,Server 11,10,1928,59.712,1
twogether,7,Server 7,10,1825,59.300,
twogether,5,Server 5,10,1552,58.208,
twogether,3,Server 3,10,1382,57.528,
twogether,4,Server 4,10,293,53.172,
sahyog,2,Server 2,10,1003,56.012,1
doctutorial,2,Server 2,10,1780,59.120,1
rechargehub,2,Server 2,10,1909,59.636,1
rechargehub,11,Server 11,10,582,54.328,
southernexpress,7,Server 7,10,1476,57.904,1
southernexpress,11,Server 11,10,1008,56.032,
southernexpress,3,Server 3,10,959,55.836,
southernexpress,4,Server 4,10,601,54.404,
southernexpress,5,Server 5,10,204,52.816,
dhaniwin,11,Server 11,10,1787,59.148,1
dhaniwin,4,Server 4,10,1233,56.932,
dhaniwin,5,Server 5,10,628,54.512,
dhaniwin,3,Server 3,10,335,53.340,
payzo,2,Server 2,10,801,55.204,1
payzo,4,Server 4,10,740,54.960,
payzo,7,Server 7,10,373,53.492,
payzo,11,Server 11,10,242,52.968,
payzo,3,Server 3,10,229,52.916,
payzo,5,Server 5,10,185,52.740,
gitlab,4,Server 4,10,1495,57.980,1
gitlab,3,Server 3,10,1106,56.424,
gitlab,5,Server 5,10,1005,56.020,
gitlab,11,Server 11,10,546,54.184,
cashkaro,5,Server 5,10,1569,58.276,1
cashkaro,3,Server 3,10,674,54.696,
cashkaro,4,Server 4,10,102,52.408,
pokkeloadcredit,11,Server 11,10,1973,59.892,1
pokkeloadcredit,5,Server 5,10,1167,56.668,
pokkeloadcredit,3,Server 3,10,456,53.824,
pokkeloadcredit,4,Server 4,10,377,53.508,
aa777,3,Server 3,10,1921,59.684,1
aa777,5,Server 5,10,1558,58.232,
aa777,4,Server 4,10,396,53.584,
aa777,11,Server 11,10,295,53.180,
rajpay,4,Server 4,10,1733,58.932,1
rajpay,11,Server 11,10,624,54.496,
rajpay,5,Server 5,10,479,53.916,
rajpay,3,Server 3,10,367,53.468,
adda66pay,5,Server 5,10,1922,59.688,1
adda66pay,4,Server 4,10,1739,58.956,
adda66pay,11,Server 11,10,677,54.708,
adda66pay,3,Server 3,10,198,52.792,
cadbury,4,Server 4,10,1875,59.500,1
cadbury,11,Server 11,10,1624,58.496,
cadbury,3,Server 3,10,1494,57.976,
cadbury,5,Server 5,10,1167,56.668,
k777,4,Server 4,10,1189,56.756,1
k777,5,Server 5,10,901,55.604,
k777,3,Server 3,10,833,55.332,
k777,11,Server 11,10,731,54.924,
indbet,4,Server 4,10,1551,58.204,1
indbet,5,Server 5,10,609,54.436,
indbet,3,Server 3,10,318,53.272,
indbet,11,Server 11,10,287,53.148,
myshopify,4,Server 4,10,1909,59.636,1
myshopify,5,Server 5,10,1878,59.512,
myshopify,11,Server 11,10,1532,58.128,
myshopify,7,Server 7,10,831,55.324,
myshopify,3,Server 3,10,141,52.564,
mospay,11,Server 11,10,1911,59.644,1
mospay,7,Server 7,10,1405,57.620,
mospay,5,Server 5,10,1376,57.504,
mospay,4,Server 4,10,735,54.940,
mospay,3,Server 3,10,442,53.768,
onepay,7,Server 7,10,1948,59.792,1
onepay,5,Server 5,10,1295,57.180,
onepay,4,Server 4,10,1253,57.012,
onepay,11,Server 11,10,1111,56.444,
onepay,3,Server 3,10,808,55.232,
vmm,4,Server 4,10,1622,58.488,1
vmm,3,Server 3,10,926,55.704,
vmm,5,Server 5,10,873,55.492,
vmm,11,Server 11,10,702,54.808,
ons,4,Server 4,10,1821,59.284,1
ons,3,Server 3,10,1041,56.164,
ons,5,Server 5,10,644,54.576,
ons,11,Server 11,10,124,52.496,
myhq,3,Server 3,10,1945,59.780,1
myhq,5,Server 5,10,1309,57.236,
myhq,4,Server 4,10,717,54.868,
myhq,11,Server 11,10,343,53.372,
blinkrloan,3,Server 3,10,1757,59.028,1
blinkrloan,5,Server 5,10,1389,57.556,
blinkrloan,4,Server 4,10,1141,56.564,
blinkrloan,11,Server 11,10,977,55.908,
bjp,11,Server 11,10,666,54.664,1
bjp,3,Server 3,13,1187,54.348,
bjp,5,Server 5,13,1076,53.904,
bjp,4,Server 4,13,127,50.108,
icicidirect,11,Server 11,10,1382,57.528,1
icicidirect,4,Server 4,10,1047,56.188,
icicidirect,3,Server 3,10,976,55.904,
icicidirect,5,Server 5,10,729,54.916,
goplay11,4,Server 4,10,1809,59.236,1
goplay11,3,Server 3,10,1753,59.012,
goplay11,11,Server 11,10,1497,57.988,
goplay11,5,Server 5,10,200,52.800,
360game,4,Server 4,10,1795,59.180,1
360game,5,Server 5,10,1115,56.460,
360game,11,Server 11,10,1110,56.440,
360game,3,Server 3,10,542,54.168,
diwawin,11,Server 11,10,1279,57.116,1
diwawin,5,Server 5,10,789,55.156,
diwawin,3,Server 3,10,618,54.472,
diwawin,4,Server 4,10,180,52.720,
taskmate,5,Server 5,10,1976,59.904,1
taskmate,4,Server 4,10,1314,57.256,
taskmate,3,Server 3,10,964,55.856,
taskmate,11,Server 11,10,944,55.776,
gac,4,Server 4,10,1941,59.764,1
gac,11,Server 11,10,1678,58.712,
gac,3,Server 3,10,1665,58.660,
gac,5,Server 5,10,1587,58.348,
polymarket,5,Server 5,10,1484,57.936,1
polymarket,3,Server 3,10,1315,57.260,
polymarket,11,Server 11,10,986,55.944,
polymarket,4,Server 4,10,768,55.072,
all5otp,11,Server 11,10,1195,56.780,1
olx,11,Server 11,10,1842,59.368,1
teenpattisona,11,Server 11,10,1987,59.948,1
zapploans,11,Server 11,10,1635,58.540,1
trulymadly,11,Server 11,10,942,55.768,1
diwapay,11,Server 11,10,700,54.800,1
rummyludo,11,Server 11,10,374,53.496,1
timeleauge,11,Server 11,10,576,54.304,1
waho,11,Server 11,10,1525,58.100,1
tauruscash,11,Server 11,10,535,54.140,1
myhpgas,11,Server 11,10,1995,59.980,1
myhpgas,12,Server 12,11,1019,55.276,
rummyadda,11,Server 11,10,555,54.220,1
aliensworld,11,Server 11,10,315,53.260,1
sharechat,11,Server 11,10,1116,56.464,1
jeema,11,Server 11,10,1593,58.372,1
incash,11,Server 11,10,1737,58.948,1
91cric,11,Server 11,10,202,52.808,1
mm1,11,Server 11,10,608,54.432,1
estore,11,Server 11,10,178,52.712,1
ponyup,11,Server 11,10,273,53.092,1
buddy,11,Server 11,10,1559,58.236,1
666in,11,Server 11,10,1462,57.848,1
fomo7,11,Server 11,10,994,55.976,1
rajshree,11,Server 11,10,1035,56.140,1
yn777,11,Server 11,10,1478,57.912,1
routematic,11,Server 11,10,217,52.868,1
walle8,11,Server 11,10,1524,58.096,1
thalagame,11,Server 11,10,715,54.860,1
offerzone,11,Server 11,10,1632,58.528,1
glamguider,11,Server 11,10,1616,58.464,1
freeup,11,Server 11,10,966,55.864,1
chaska99,11,Server 11,10,1734,58.936,1
ztpl,11,Server 11,10,128,52.512,1
crazycoffee,11,Server 11,10,1082,56.328,1
laxmipay,11,Server 11,10,938,55.752,1
uono,11,Server 11,10,108,52.432,1
myjio,12,Server 12,13,306,50.824,1
myjio,11,Server 11,15,583,50.332,
bjpsadasya,11,Server 11,10,1957,59.828,1
spinach,11,Server 11,10,1092,56.368,1
jxversnxs,11,Server 11,10,979,55.916,1
sunaxen,11,Server 11,10,199,52.796,1
bnkntkvht,11,Server 11,10,1094,56.376,1
bhaulottery,11,Server 11,10,1398,57.592,1
playniq,11,Server 11,10,327,53.308,1
habityoga,11,Server 11,10,207,52.828,1
vivo,11,Server 11,10,1907,59.628,1
welby,11,Server 11,10,299,53.196,1
zomatodelhiverypartner,11,Server 11,10,1662,58.648,1
coinswitch,4,Server 4,10,1111,56.444,1
coinswitch,5,Server 5,10,849,55.396,
coinswitch,7,Server 7,10,615,54.460,
coinswitch,3,Server 3,10,422,53.688,
coinswitch,11,Server 11,10,374,53.496,
rummytry,11,Server 11,10,503,54.012,1
timelypurse,11,Server 11,10,239,52.956,1
bg678,11,Server 11,10,1950,59.800,1
lagacyhome,11,Server 11,10,1607,58.428,1
workindia,11,Server 11,10,1567,58.268,1
icash,4,Server 4,10,1972,59.888,1
icash,3,Server 3,10,566,54.264,
icash,5,Server 5,10,498,53.992,
icash,11,Server 11,10,450,53.800,
in7,11,Server 11,10,476,53.904,1
orbitmart,11,Server 11,10,881,55.524,1
ramp,11,Server 11,10,1183,56.732,1
zepmeta,11,Server 11,10,129,52.516,1
nattyindia,11,Server 11,10,678,54.712,1
nadi,11,Server 11,10,913,55.652,1
oyo,11,Server 11,10,1496,57.984,1
imperialblue,11,Server 11,10,1358,57.432,1
cars24,11,Server 11,10,1564,58.256,1
22bet,11,Server 11,10,967,55.868,1
rummypride,11,Server 11,10,1940,59.760,1
iqoo,11,Server 11,10,1257,57.028,1
spin11,11,Server 11,10,1887,59.548,1
gratifi,11,Server 11,10,1931,59.724,1
delhimetro,11,Server 11,10,975,55.900,1
grafti,11,Server 11,10,1669,58.676,1
teenpattimaster,11,Server 11,10,1300,57.200,1
13lggame,11,Server 11,10,706,54.824,1
okcupid,11,Server 11,10,481,53.924,1
wecoinpay,11,Server 11,10,1547,58.188,1
ringpay,11,Server 11,10,823,55.292,1
uonohub,11,Server 11,10,1520,58.080,1
earntp,11,Server 11,10,323,53.292,1
vegascasino,11,Server 11,10,1037,56.148,1
bigwinner,11,Server 11,10,246,52.984,1
frenzywinner,11,Server 11,10,1680,58.720,1
spin101,11,Server 11,10,1760,59.040,1
sproxil,11,Server 11,10,951,55.804,1
9pay,11,Server 11,10,548,54.192,1
payone,11,Server 11,10,615,54.460,1
mothersgold,11,Server 11,10,1672,58.688,1
gugobet,11,Server 11,10,904,55.616,1
learningcsc,11,Server 11,10,1198,56.792,1
jaiho91,11,Server 11,10,689,54.756,1
parleeyesalesman,11,Server 11,10,1114,56.456,1
moonpay,11,Server 11,10,589,54.356,1
mrbrown,11,Server 11,10,1930,59.720,1
paytmold,11,Server 11,10,1785,59.140,1
vrlbus,11,Server 11,10,1267,57.068,1
quackquack,11,Server 11,10,178,52.712,1
factsscan,11,Server 11,10,346,53.384,1
hiyagame,11,Server 11,10,1917,59.668,1
slotspin,11,Server 11,10,1783,59.132,1
jaihowin,11,Server 11,10,794,55.176,1
indslot,11,Server 11,10,829,55.316,1
abcrummy,11,Server 11,10,1135,56.540,1
hirummy,11,Server 11,10,688,54.752,1
999pay,11,Server 11,10,930,55.720,1
mytatva,11,Server 11,10,1429,57.716,1
tripoto,11,Server 11,10,491,53.964,1
gajagame777,11,Server 11,10,1943,59.772,1
hsbc,11,Server 11,10,1725,58.900,1
bet213,11,Server 11,10,964,55.856,1
betwin,11,Server 11,10,1600,58.400,1
ezprep,11,Server 11,10,1894,59.576,1
yolo,11,Server 11,10,1874,59.496,1
3fa,11,Server 11,10,451,53.804,1
sikka,11,Server 11,10,481,53.924,1
zeropay,11,Server 11,10,1939,59.756,1
surewin,11,Server 11,10,1803,59.212,1
cityflo,11,Server 11,10,1720,58.880,1
bet91,11,Server 11,10,508,54.032,1
4rabet,11,Server 11,10,742,54.968,1
santrishop,11,Server 11,10,1379,57.516,1
diwpay,11,Server 11,10,1713,58.852,1
50matka,11,Server 11,10,277,53.108,1
ozi,11,Server 11,10,1907,59.628,1
clbp,11,Server 11,10,900,55.600,1
vfsglobal,11,Server 11,10,904,55.616,1
567jackpot,11,Server 11,10,665,54.660,1
gopay,11,Server 11,10,276,53.104,1
goaok,11,Server 11,10,358,53.432,1
jungle,11,Server 11,10,1705,58.820,1
tcm,11,Server 11,10,502,54.008,1
phonepeold,11,Server 11,10,1991,59.964,1
safeguard,11,Server 11,10,1893,59.572,1
imshoi,11,Server 11,10,289,53.156,1
arbpay,11,Server 11,10,409,53.636,1
bangalharvest,11,Server 11,10,872,55.488,1
hack2skill,11,Server 11,10,851,55.404,1
hindustan,11,Server 11,10,205,52.820,1
comepay,11,Server 11,10,403,53.612,1
local,11,Server 11,10,1282,57.128,1
kuiklo,11,Server 11,10,674,54.696,1
halalbox,11,Server 11,10,1834,59.336,1
peacock247,11,Server 11,10,271,53.084,1
quanbot,11,Server 11,10,348,53.392,1
tataneuhdfc,11,Server 11,10,1407,57.628,1
5xgame,11,Server 11,10,435,53.740,1
bilibili,11,Server 11,10,860,55.440,1
flexsalary,11,Server 11,10,565,54.260,1
betwinner,11,Server 11,10,1590,58.360,1
spingold,11,Server 11,10,801,55.204,1
rrpapp,11,Server 11,10,1218,56.872,1
paywin,11,Server 11,10,913,55.652,1
vtion,11,Server 11,10,188,52.752,1
lightningai,11,Server 11,10,1709,58.836,1
mangalam,11,Server 11,10,1194,56.776,1
merawala,11,Server 11,10,618,54.472,1
emversity,11,Server 11,10,1327,57.308,1
myfuture,11,Server 11,10,935,55.740,1
trugold,11,Server 11,10,1689,58.756,1
telephia,11,Server 11,10,793,55.172,1
creatr,11,Server 11,10,554,54.216,1
puspalottery,11,Server 11,10,655,54.620,1
iinvest,11,Server 11,10,371,53.484,1
zaplan,11,Server 11,10,1817,59.268,1
grainotch,11,Server 11,10,1995,59.980,1
hdfclife,11,Server 11,10,780,55.120,1
earnkaro,11,Server 11,10,1050,56.200,1
bajajbroking,11,Server 11,10,179,52.716,1
icubeswire,11,Server 11,10,876,55.504,1
timbuktu,11,Server 11,10,1532,58.128,1
district,11,Server 11,10,1424,57.696,1
ssclub,11,Server 11,10,1122,56.488,1
askmebet,11,Server 11,10,1405,57.620,1
a11game,11,Server 11,10,660,54.640,1
majaiinfotech,11,Server 11,10,1837,59.348,1
nutrabay,11,Server 11,10,504,54.016,1
amazonold,11,Server 11,10,1759,59.036,1
tradeindia,11,Server 11,10,1980,59.920,1
hopr,11,Server 11,10,1822,59.288,1
fortunespin,11,Server 11,10,1724,58.896,1
roufetch,11,Server 11,10,868,55.472,1
panditji,11,Server 11,10,1083,56.332,1
doctutorials,11,Server 11,10,829,55.316,1
earnquix,11,Server 11,10,1566,58.264,1
win369,11,Server 11,10,1504,58.016,1
ludowinner,11,Server 11,10,1210,56.840,1
geniezap,11,Server 11,10,1642,58.568,1
yonorose,11,Server 11,8,1224,58.496,1
rozrummy,11,Server 11,10,662,54.648,1
finfinance,11,Server 11,10,1744,58.976,1
stage,11,Server 11,10,980,55.920,1
unicard,11,Server 11,10,276,53.104,1
bollygame,11,Server 11,10,593,54.372,1
kalodia,11,Server 11,10,1844,59.376,1
manboclub,11,Server 11,10,1328,57.312,1
1agame,11,Server 11,10,1781,59.124,1
msme,11,Server 11,10,1133,56.532,1
rrpold,11,Server 11,10,648,54.592,1
incredold,11,Server 11,10,1737,58.948,1
dreem55,11,Server 11,10,476,53.904,1
flipkartseller,11,Server 11,10,1385,57.540,1
paypho,11,Server 11,10,224,52.896,1
lenskart,11,Server 11,10,355,53.420,1
mhagame,11,Server 11,10,580,54.320,1
bookmyshow,11,Server 11,10,1222,56.888,1
papapa,11,Server 11,10,1872,59.488,1
liftor,11,Server 11,10,633,54.532,1
honda,11,Server 11,10,1283,57.132,1
rupee,11,Server 11,10,1080,56.320,1
simplinamdharis,11,Server 11,10,1327,57.308,1
moj,11,Server 11,10,923,55.692,1
swissbeauty,11,Server 11,10,1587,58.348,1
bdgwin,11,Server 11,10,182,52.728,1
hudle,11,Server 11,10,663,54.652,1
dealzy,11,Server 11,10,764,55.056,1
maxrummy,11,Server 11,10,1237,56.948,1
yy6game,11,Server 11,10,1643,58.572,1
hindispin,11,Server 11,10,402,53.608,1
tradex,11,Server 11,10,1002,56.008,1
tashanwin,11,Server 11,10,185,52.740,1
ramsabha,11,Server 11,10,901,55.604,1
yadi,11,Server 11,10,1667,58.668,1
iyirooms,11,Server 11,10,149,52.596,1
oladriver,11,Server 11,10,1272,57.088,1
uberdriver,11,Server 11,10,1595,58.380,1
futureskills,11,Server 11,10,1767,59.068,1
gyantv,11,Server 11,10,1392,57.568,1
coinus,11,Server 11,10,1356,57.424,1
himalaya,11,Server 11,10,1820,59.280,1
jiosaavn,11,Server 11,10,1969,59.876,1
lichousing,11,Server 11,10,1944,59.776,1
mobikwik,11,Server 11,10,568,54.272,1
loanone,11,Server 11,10,137,52.548,1
indrummy,11,Server 11,10,1031,56.124,1
gumloop,11,Server 11,10,800,55.200,1
ucoinpay,11,Server 11,10,1320,57.280,1
vestige,11,Server 11,10,1599,58.396,1
banglarbhumi,11,Server 11,10,1326,57.304,1
wastra,11,Server 11,10,1797,59.188,1
mmgame,11,Server 11,10,463,53.852,1
teenpattinew,11,Server 11,10,1745,58.980,1
amarujala,11,Server 11,8,1579,59.916,1
oropocket,11,Server 11,10,1681,58.724,1
topone,11,Server 11,10,448,53.792,1
crunchyroll,11,Server 11,10,1622,58.488,1
royalwin,11,Server 11,10,1659,58.636,1
digilocker,11,Server 11,10,118,52.472,1
lakshmi,11,Server 11,10,784,55.136,1
diwatop,11,Server 11,10,1683,58.732,1
diwavip,11,Server 11,10,826,55.304,1
diwaslot,11,Server 11,10,1348,57.392,1
diwa777,11,Server 11,10,162,52.648,1
rokda7,11,Server 11,10,626,54.504,1
sfl,11,Server 11,10,325,53.300,1
betway,11,Server 11,10,972,55.888,1
jiogame,5,Server 5,10,1929,59.716,1
jiogame,3,Server 3,10,1902,59.608,
jiogame,4,Server 4,10,1707,58.828,
gclass,5,Server 5,10,1259,57.036,1
gclass,4,Server 4,10,1141,56.564,
gclass,3,Server 3,10,1131,56.524,
prepladder,4,Server 4,10,1766,59.064,1
prepladder,3,Server 3,10,1717,58.868,
prepladder,5,Server 5,10,479,53.916,
sbigeneral,4,Server 4,10,1994,59.976,1
sbigeneral,3,Server 3,10,1862,59.448,
sbigeneral,5,Server 5,10,715,54.860,
gullybet,3,Server 3,10,1184,56.736,1
gullybet,4,Server 4,10,868,55.472,
gullybet,5,Server 5,10,454,53.816,
frendzo,5,Server 5,10,1624,58.496,1
frendzo,4,Server 4,10,210,52.840,
frendzo,3,Server 3,10,118,52.472,
spenbook,5,Server 5,10,1194,56.776,1
spenbook,4,Server 4,10,407,53.628,
spenbook,3,Server 3,10,329,53.316,
zaveai,4,Server 4,10,1522,58.088,1
zaveai,3,Server 3,10,765,55.060,
zaveai,5,Server 5,10,599,54.396,
woho,5,Server 5,10,1735,58.940,1
woho,3,Server 3,10,680,54.720,
woho,4,Server 4,10,340,53.360,
unwin,3,Server 3,10,1872,59.488,1
unwin,4,Server 4,10,1094,56.376,
unwin,5,Server 5,10,664,54.656,
dream77,4,Server 4,10,1546,58.184,1
dream77,3,Server 3,10,767,55.068,
dream77,5,Server 5,10,542,54.168,
mittalmall,5,Server 5,10,1766,59.064,1
mittalmall,3,Server 3,10,1418,57.672,
mittalmall,4,Server 4,10,1115,56.460,
hostelco,3,Server 3,10,1875,59.500,1
hostelco,4,Server 4,10,1066,56.264,
hostelco,5,Server 5,10,514,54.056,
ihanott,5,Server 5,10,1856,59.424,1
ihanott,4,Server 4,10,1736,58.944,
ihanott,3,Server 3,10,1405,57.620,
ihanott,7,Server 7,10,679,54.716,
bgcash,3,Server 3,10,995,55.980,1
bgcash,5,Server 5,10,648,54.592,
bgcash,4,Server 4,10,333,53.332,
dukaan,5,Server 5,10,1736,58.944,1
dukaan,3,Server 3,10,576,54.304,
dukaan,4,Server 4,10,455,53.820,
novapay,5,Server 5,10,699,54.796,1
novapay,3,Server 3,10,414,53.656,
novapay,4,Server 4,10,177,52.708,
airportpin,5,Server 5,10,1404,57.616,1
airportpin,4,Server 4,10,348,53.392,
airportpin,3,Server 3,10,261,53.044,
playcric,3,Server 3,10,1248,56.992,1
playcric,5,Server 5,10,1125,56.500,
playcric,4,Server 4,10,791,55.164,
bharattaxi,3,Server 3,10,1545,58.180,1
bharattaxi,4,Server 4,10,1112,56.448,
bharattaxi,5,Server 5,10,246,52.984,
teenpattiyes,4,Server 4,10,1122,56.488,1
teenpattiyes,5,Server 5,10,493,53.972,
teenpattiyes,3,Server 3,10,316,53.264,
mergegateway,5,Server 5,10,1617,58.468,1
mergegateway,4,Server 4,10,1477,57.908,
mergegateway,3,Server 3,10,288,53.152,
chsolution,5,Server 5,10,1614,58.456,1
chsolution,3,Server 3,10,788,55.152,
chsolution,4,Server 4,10,405,53.620,
yespin,5,Server 5,10,593,54.372,1
yespin,4,Server 4,10,501,54.004,
yespin,3,Server 3,10,381,53.524,
feeld,4,Server 4,10,1134,56.536,1
feeld,5,Server 5,10,1110,56.440,
feeld,3,Server 3,10,877,55.508,
vijaysales,4,Server 4,10,1759,59.036,1
vijaysales,3,Server 3,10,1022,56.088,
vijaysales,5,Server 5,10,176,52.704,
5588in,4,Server 4,10,1742,58.968,1
5588in,3,Server 3,10,1655,58.620,
5588in,5,Server 5,10,1332,57.328,
mtfund,4,Server 4,10,915,55.660,1
mtfund,5,Server 5,10,499,53.996,
mtfund,3,Server 3,10,352,53.408,
meowclans,3,Server 3,10,1803,59.212,1
meowclans,4,Server 4,10,426,53.704,
meowclans,5,Server 5,10,352,53.408,
meme,4,Server 4,10,1538,58.152,1
meme,5,Server 5,10,1406,57.624,
meme,3,Server 3,10,762,55.048,
lovefund,3,Server 3,10,1955,59.820,1
lovefund,4,Server 4,10,1240,56.960,
lovefund,5,Server 5,10,433,53.732,
wolf777,4,Server 4,10,1256,57.024,1
wolf777,5,Server 5,10,1083,56.332,
wolf777,3,Server 3,10,127,52.508,
101rummy,5,Server 5,10,1575,58.300,1
101rummy,4,Server 4,10,960,55.840,
101rummy,3,Server 3,10,565,54.260,
icfai,5,Server 5,10,1602,58.408,1
icfai,7,Server 7,10,1537,58.148,
icfai,3,Server 3,10,747,54.988,
icfai,4,Server 4,10,188,52.752,
egpayment,5,Server 5,10,1897,59.588,1
egpayment,3,Server 3,10,1398,57.592,
egpayment,7,Server 7,10,1374,57.496,
egpayment,4,Server 4,10,595,54.380,
rs9,4,Server 4,10,915,55.660,1
rs9,5,Server 5,10,484,53.936,
rs9,3,Server 3,10,400,53.600,
goagame,3,Server 3,10,1529,58.116,1
goagame,4,Server 4,10,1115,56.460,
goagame,5,Server 5,10,427,53.708,
playerludo,3,Server 3,10,1993,59.972,1
playerludo,5,Server 5,10,1923,59.692,
playerludo,4,Server 4,10,776,55.104,
porter,5,Server 5,10,1617,58.468,1
porter,3,Server 3,10,1303,57.212,
porter,4,Server 4,10,170,52.680,
chatspark,4,Server 4,10,1742,58.968,1
chatspark,3,Server 3,10,953,55.812,
chatspark,5,Server 5,10,538,54.152,
mowin,4,Server 4,10,1702,58.808,1
mowin,5,Server 5,10,776,55.104,
mowin,3,Server 3,10,112,52.448,
snapdeal,4,Server 4,10,1442,57.768,1
snapdeal,3,Server 3,10,857,55.428,
snapdeal,5,Server 5,10,712,54.848,
sweet,3,Server 3,10,1834,59.336,1
sweet,4,Server 4,10,1826,59.304,
sweet,5,Server 5,10,1805,59.220,
iyc,4,Server 4,10,1293,57.172,1
iyc,5,Server 5,10,670,54.680,
iyc,3,Server 3,10,594,54.376,
luminous,3,Server 3,10,1485,57.940,1
luminous,4,Server 4,10,458,53.832,
luminous,5,Server 5,10,322,53.288,
rayole,4,Server 4,10,854,55.416,1
rayole,3,Server 3,10,641,54.564,
rayole,5,Server 5,10,599,54.396,
replit,4,Server 4,10,1177,56.708,1
replit,5,Server 5,10,925,55.700,
replit,3,Server 3,10,263,53.052,
kashrummy,3,Server 3,10,1668,58.672,1
kashrummy,4,Server 4,10,1604,58.416,
kashrummy,5,Server 5,10,147,52.588,
reddit,4,Server 4,10,1973,59.892,1
reddit,5,Server 5,10,749,54.996,
reddit,3,Server 3,10,436,53.744,
